turn_id,session_id,start_timestamp,end_timestamp,local_date,local_hour,trigger,latency_seconds,message_count,text_chars,has_text,has_media,uses_reply,uses_mention,inbound_direct,bot_targeted_reply,utility_like,any_followup_2m,explicit_followup_2m,followup_seconds
1,1,1784774376,1784774376,2026-07-23,10,主动开场,,2,24,True,True,False,False,False,False,True,True,False,48
2,1,1784774719,1784774721,2026-07-23,10,环境话题加入,0,2,0,False,True,False,False,False,False,False,True,False,0
3,1,1784774876,1784774876,2026-07-23,10,连续对话,2,1,27,True,False,False,False,False,False,True,True,False,2
4,1,1784774878,1784774878,2026-07-23,10,连续对话,0,1,17,True,False,False,False,False,False,True,True,False,9
5,1,1784774888,1784774888,2026-07-23,10,连续对话,1,1,0,False,True,False,False,False,False,False,True,True,4
6,1,1784774967,1784774969,2026-07-23,10,被点名/被回复,2,2,125,True,False,True,False,True,True,False,True,True,4
7,1,1784775011,1784775011,2026-07-23,10,被点名/被回复,9,1,22,True,True,False,False,True,False,False,True,False,7
8,1,1784775108,1784775110,2026-07-23,10,连续对话,0,2,0,False,True,False,False,False,False,False,True,False,2
9,1,1784775217,1784775217,2026-07-23,10,连续对话,0,1,53,True,False,False,False,False,False,False,True,False,3
10,1,1784775665,1784775665,2026-07-23,11,自主定向回复,1,1,19,True,False,True,False,False,True,False,True,False,1
11,1,1784775674,1784775674,2026-07-23,11,连续对话,0,1,0,False,True,False,False,False,False,False,True,False,7
12,1,1784775891,1784775892,2026-07-23,11,被点名/被回复,5,2,66,True,False,True,False,True,True,False,True,True,13
13,1,1784775918,1784775919,2026-07-23,11,被点名/被回复,1,3,36,True,True,True,False,True,True,False,True,False,1
14,1,1784776313,1784776313,2026-07-23,11,环境话题加入,2,1,7,True,False,False,False,False,False,False,True,False,1
15,1,1784776414,1784776414,2026-07-23,11,连续对话,5,1,0,False,True,False,False,False,False,False,True,False,1
16,1,1784776416,1784776416,2026-07-23,11,连续对话,1,1,0,False,True,False,False,False,False,False,True,False,1
17,1,1784776441,1784776444,2026-07-23,11,连续对话,3,2,0,False,True,False,False,False,False,False,True,False,2
18,1,1784776541,1784776541,2026-07-23,11,连续对话,12,1,28,True,True,False,False,False,False,False,True,False,7
19,1,1784776757,1784776757,2026-07-23,11,环境话题加入,0,1,0,False,True,False,False,False,False,False,True,False,3
20,1,1784776769,1784776769,2026-07-23,11,连续对话,4,1,0,False,True,False,False,False,False,False,True,False,30
21,1,1784776812,1784776812,2026-07-23,11,自主定向回复,13,1,19,True,True,True,False,False,True,False,True,False,15
22,1,1784777156,1784777156,2026-07-23,11,环境话题加入,5,1,0,False,True,False,False,False,False,False,True,False,3
23,1,1784777161,1784777161,2026-07-23,11,连续对话,2,1,0,False,True,False,False,False,False,False,True,False,1
24,1,1784777178,1784777183,2026-07-23,11,连续对话,4,2,0,False,True,False,False,False,False,False,True,False,7
25,1,1784777273,1784777273,2026-07-23,11,连续对话,1,1,22,True,False,False,False,False,False,False,True,False,2
26,1,1784777276,1784777276,2026-07-23,11,连续对话,1,1,0,False,True,False,False,False,False,False,True,False,14
27,1,1784777475,1784777475,2026-07-23,11,自主定向回复,16,1,12,True,True,True,False,False,True,False,True,False,21
28,1,1784777529,1784777529,2026-07-23,11,连续对话,1,1,0,False,True,False,False,False,False,False,True,False,1
29,1,1784777531,1784777531,2026-07-23,11,连续对话,1,1,0,False,True,False,False,False,False,False,True,True,0
30,1,1784777540,1784777540,2026-07-23,11,被点名/被回复,0,1,13,True,False,True,False,True,True,True,True,False,2
31,1,1784777557,1784777557,2026-07-23,11,自主定向回复,5,1,113,True,False,True,False,False,True,False,True,False,3
32,1,1784777637,1784777639,2026-07-23,11,连续对话,4,2,28,True,True,False,False,False,False,False,True,False,13
33,1,1784777657,1784777657,2026-07-23,11,连续对话,5,1,0,False,True,False,False,False,False,False,True,True,5
34,1,1784777666,1784777666,2026-07-23,11,被点名/被回复,4,1,0,False,True,False,False,True,False,False,True,True,3
35,1,1784777677,1784777677,2026-07-23,11,被点名/被回复,8,1,28,True,False,True,False,True,True,False,True,True,1
36,1,1784777740,1784777740,2026-07-23,11,被点名/被回复,35,1,33,True,False,True,False,True,True,False,True,True,1
37,1,1784777800,1784777800,2026-07-23,11,被点名/被回复,18,1,37,True,False,True,False,True,True,False,True,True,20
38,1,1784777836,1784777836,2026-07-23,11,被点名/被回复,15,1,18,True,False,True,False,True,True,False,True,False,0
39,1,1784777852,1784777852,2026-07-23,11,自主定向回复,16,1,16,True,True,True,False,False,True,False,True,False,2
40,1,1784777858,1784777862,2026-07-23,11,连续对话,2,2,33,True,True,False,False,False,False,True,True,False,9
41,1,1784777871,1784777871,2026-07-23,11,连续对话,0,1,28,True,True,False,False,False,False,False,True,True,1
42,1,1784777910,1784777910,2026-07-23,11,被点名/被回复,1,1,46,True,True,True,False,True,True,False,True,True,18
43,1,1784777960,1784777960,2026-07-23,11,被点名/被回复,13,1,12,True,True,True,False,True,True,False,True,True,1
44,1,1784778079,1784778080,2026-07-23,11,被点名/被回复,10,2,50,True,False,True,False,True,True,False,True,True,4
45,1,1784778118,1784778118,2026-07-23,11,被点名/被回复,11,1,63,True,False,True,False,True,True,False,True,False,31
46,1,1784778321,1784778321,2026-07-23,11,环境话题加入,2,1,6,True,False,False,False,False,False,False,True,True,63
47,1,1784778399,1784778401,2026-07-23,11,被点名/被回复,15,2,67,True,False,False,False,True,False,False,True,True,28
48,1,1784778440,1784778440,2026-07-23,11,被点名/被回复,11,1,31,True,False,False,False,True,False,False,True,False,14
49,1,1784779150,1784779150,2026-07-23,11,延迟上下文,139,1,12,True,True,False,False,False,False,True,True,False,40
50,1,1784779625,1784779625,2026-07-23,12,自主定向回复,20,1,29,True,False,True,False,False,True,False,True,True,20
51,1,1784779658,1784779658,2026-07-23,12,被点名/被回复,13,1,20,True,True,True,False,True,True,False,True,False,0
52,1,1784779687,1784779687,2026-07-23,12,自主定向回复,12,1,29,True,True,True,False,False,True,False,True,True,1
53,1,1784779714,1784779714,2026-07-23,12,被点名/被回复,1,1,3,True,False,True,False,True,True,False,True,True,6
54,1,1784779722,1784779722,2026-07-23,12,被点名/被回复,2,1,3,True,False,True,False,True,True,False,True,True,0
55,1,1784779725,1784779725,2026-07-23,12,被点名/被回复,1,1,1,True,False,True,False,True,True,False,True,True,5
56,1,1784779738,1784779738,2026-07-23,12,被点名/被回复,1,1,23,True,False,True,False,True,True,False,True,True,5
57,1,1784779745,1784779745,2026-07-23,12,被点名/被回复,2,1,3,True,False,True,False,True,True,False,True,True,5
58,1,1784779752,1784779752,2026-07-23,12,被点名/被回复,2,1,2,True,False,True,False,True,True,False,True,True,24
59,1,1784779792,1784779792,2026-07-23,12,被点名/被回复,16,1,46,True,True,True,False,True,True,False,True,True,7
60,1,1784779818,1784779818,2026-07-23,12,被点名/被回复,19,1,13,True,True,True,False,True,True,False,True,True,12
61,1,1784779846,1784779846,2026-07-23,12,被点名/被回复,11,1,26,True,False,True,False,True,True,False,True,False,6
62,1,1784779874,1784779874,2026-07-23,12,连续对话,4,1,24,True,False,False,False,False,False,True,True,False,1
63,1,1784779881,1784779881,2026-07-23,12,连续对话,6,1,8,True,True,False,False,False,False,False,True,False,2
64,1,1784779884,1784779889,2026-07-23,12,自主定向回复,1,3,33,True,True,True,False,False,True,False,True,False,22
65,1,1784779926,1784779926,2026-07-23,12,自主定向回复,12,1,16,True,True,True,False,False,True,False,True,False,3
66,1,1784780136,1784780136,2026-07-23,12,自主定向回复,13,1,26,True,False,True,False,False,True,False,True,False,67
67,1,1784780358,1784780358,2026-07-23,12,被点名/被回复,2,1,0,False,True,False,False,True,False,False,True,False,2
68,1,1784780367,1784780367,2026-07-23,12,自主定向回复,1,1,17,True,True,True,False,False,True,False,True,True,18
69,1,1784780399,1784780399,2026-07-23,12,被点名/被回复,14,1,25,True,True,True,False,True,True,False,True,False,20
70,1,1784780431,1784780433,2026-07-23,12,连续对话,12,2,19,True,True,False,False,False,False,False,True,True,4
71,1,1784780517,1784780517,2026-07-23,12,被点名/被回复,9,1,19,True,False,True,False,True,True,False,True,False,17
72,1,1784780603,1784780603,2026-07-23,12,连续对话,1,1,5,True,False,False,False,False,False,False,True,False,15
73,1,1784781078,1784781083,2026-07-23,12,环境话题加入,2,2,30,True,True,False,False,False,False,False,True,False,0
74,1,1784781673,1784781673,2026-07-23,12,环境话题加入,4,1,15,True,True,False,False,False,False,False,True,True,22
75,1,1784781709,1784781716,2026-07-23,12,被点名/被回复,13,3,22,True,True,True,True,True,True,False,True,True,1
76,1,1784781734,1784781734,2026-07-23,12,被点名/被回复,1,1,24,True,True,True,False,True,True,False,True,True,48
77,1,1784781820,1784781820,2026-07-23,12,被点名/被回复,0,1,21,True,True,True,False,True,True,False,True,False,46
78,1,1784781880,1784781880,2026-07-23,12,自主定向回复,14,1,30,True,True,True,False,False,True,False,True,False,23
79,1,1784782336,1784782336,2026-07-23,12,被点名/被回复,13,1,16,True,True,True,False,True,True,False,True,True,34
80,1,1784782391,1784782391,2026-07-23,12,被点名/被回复,6,1,39,True,True,True,False,True,True,False,True,True,14
81,1,1784782426,1784782432,2026-07-23,12,被点名/被回复,4,3,21,True,True,True,True,True,True,False,True,True,22
82,1,1784782456,1784782456,2026-07-23,12,被点名/被回复,2,1,2,True,False,True,False,True,True,False,True,False,1
83,1,1784782631,1784782631,2026-07-23,12,连续对话,1,1,4,True,False,False,False,False,False,False,True,False,5
84,1,1784783144,1784783144,2026-07-23,13,环境话题加入,5,1,0,False,True,False,False,False,False,False,False,False,
85,1,1784783545,1784783545,2026-07-23,13,环境话题加入,3,1,0,False,True,False,False,False,False,False,True,True,15
86,1,1784783764,1784783764,2026-07-23,13,被点名/被回复,1,1,2,True,False,False,False,True,False,False,True,True,6
87,1,1784783851,1784783851,2026-07-23,13,被点名/被回复,7,1,22,True,True,True,False,True,True,False,True,False,5
88,1,1784783879,1784783879,2026-07-23,13,连续对话,7,1,0,False,True,False,False,False,False,False,True,False,2
89,1,1784784852,1784784852,2026-07-23,13,环境话题加入,14,1,11,True,True,False,False,False,False,False,True,True,12
90,1,1784785080,1784785080,2026-07-23,13,被点名/被回复,1,1,5,True,False,True,False,True,True,False,True,True,8
91,1,1784785098,1784785098,2026-07-23,13,被点名/被回复,2,1,3,True,False,True,False,True,True,False,True,True,4
92,1,1784785147,1784785150,2026-07-23,13,被点名/被回复,5,3,28,True,True,True,False,True,True,False,True,True,3
93,1,1784785170,1784785170,2026-07-23,13,被点名/被回复,3,1,27,True,False,True,False,True,True,False,True,True,8
94,1,1784785183,1784785194,2026-07-23,13,被点名/被回复,0,3,34,True,True,True,False,True,True,False,True,True,10
95,1,1784785209,1784785209,2026-07-23,13,被点名/被回复,1,1,2,True,False,True,False,True,True,False,True,False,12
96,1,1784786134,1784786134,2026-07-23,13,自主定向回复,2,1,14,True,False,True,False,False,True,False,True,False,6
97,1,1784786192,1784786192,2026-07-23,13,自主定向回复,19,1,40,True,False,True,False,False,True,False,True,False,0
98,1,1784786747,1784786747,2026-07-23,14,环境话题加入,2,1,0,False,True,False,False,False,False,False,True,False,1
99,1,1784786754,1784786757,2026-07-23,14,连续对话,3,3,15,True,True,False,True,False,False,False,True,False,26
100,1,1784786809,1784786811,2026-07-23,14,连续对话,3,2,0,False,True,False,False,False,False,False,True,False,3
101,1,1784786822,1784786828,2026-07-23,14,连续对话,7,2,10,True,True,False,True,False,False,False,True,False,15
102,1,1784786853,1784786861,2026-07-23,14,自主定向回复,5,4,47,True,True,True,False,False,True,False,True,True,5
103,1,1784787001,1784787001,2026-07-23,14,被点名/被回复,1,1,0,False,True,False,False,True,False,False,True,False,0
104,1,1784787002,1784787003,2026-07-23,14,连续对话,1,2,25,True,True,False,False,False,False,False,True,True,18
105,1,1784787084,1784787087,2026-07-23,14,被点名/被回复,10,2,22,True,True,True,False,True,True,False,True,False,7
106,1,1784787126,1784787126,2026-07-23,14,连续对话,3,1,0,False,True,False,False,False,False,False,True,False,24
107,1,1784787208,1784787216,2026-07-23,14,连续对话,24,2,32,True,True,False,False,False,False,True,True,False,13
108,1,1784787251,1784787251,2026-07-23,14,连续对话,7,1,7,True,True,False,False,False,False,False,True,False,48
109,1,1784787413,1784787415,2026-07-23,14,连续对话,6,2,0,False,True,False,False,False,False,False,True,False,18
110,1,1784787702,1784787702,2026-07-23,14,环境话题加入,3,1,0,False,True,False,False,False,False,False,True,False,26
111,1,1784787731,1784787731,2026-07-23,14,连续对话,3,1,0,False,True,False,False,False,False,False,True,False,4
112,1,1784787738,1784787738,2026-07-23,14,连续对话,3,1,13,True,True,False,True,False,False,False,True,False,19
113,1,1784787758,1784787758,2026-07-23,14,连续对话,1,1,51,True,False,False,True,False,False,False,True,False,1
114,1,1784787762,1784787780,2026-07-23,14,连续对话,3,4,47,True,True,False,True,False,False,False,True,False,3
115,1,1784787791,1784787791,2026-07-23,14,连续对话,3,1,0,False,True,False,False,False,False,False,True,True,6
116,1,1784787798,1784787798,2026-07-23,14,被点名/被回复,1,1,2,True,True,False,True,True,False,False,True,False,4
117,1,1784787807,1784787818,2026-07-23,14,连续对话,5,2,5,True,True,False,True,False,False,False,True,False,9
118,1,1784787830,1784787842,2026-07-23,14,连续对话,3,2,2,True,True,False,True,False,False,False,True,False,29
119,1,1784787879,1784787889,2026-07-23,14,连续对话,8,2,8,True,True,False,True,False,False,False,True,False,7
120,1,1784787906,1784787916,2026-07-23,14,连续对话,3,2,2,True,True,False,True,False,False,False,True,False,20
121,1,1784787944,1784787954,2026-07-23,14,连续对话,2,2,8,True,True,False,True,False,False,False,True,False,14
122,1,1784787991,1784788003,2026-07-23,14,连续对话,2,2,0,False,True,False,False,False,False,False,True,False,30
123,1,1784788037,1784788048,2026-07-23,14,连续对话,4,2,9,True,True,False,True,False,False,False,True,False,8
124,1,1784788090,1784788101,2026-07-23,14,连续对话,5,2,32,True,True,False,True,False,False,False,False,False,
125,1,1784788385,1784788385,2026-07-23,14,环境话题加入,13,1,23,True,True,False,False,False,False,False,True,False,2
126,1,1784788389,1784788389,2026-07-23,14,连续对话,2,1,0,False,True,False,False,False,False,False,True,False,73
127,1,1784788662,1784788662,2026-07-23,14,环境话题加入,2,1,51,True,False,False,True,False,False,False,True,False,4
128,1,1784788691,1784788691,2026-07-23,14,连续对话,0,1,56,True,True,False,False,False,False,True,True,False,0
129,1,1784788818,1784788818,2026-07-23,14,连续对话,1,1,53,True,False,False,False,False,False,False,True,True,8
130,1,1784788895,1784788895,2026-07-23,14,被点名/被回复,13,1,18,True,True,True,False,True,True,False,True,False,22
131,1,1784789137,1784789137,2026-07-23,14,自主定向回复,14,1,41,True,False,True,False,False,True,True,True,False,10
132,1,1784789285,1784789285,2026-07-23,14,被点名/被回复,2,1,13,True,True,True,False,True,True,False,True,False,10
133,1,1784789330,1784789330,2026-07-23,14,自主定向回复,14,1,39,True,True,True,False,False,True,False,True,False,0
134,1,1784789380,1784789380,2026-07-23,14,连续对话,2,1,0,False,True,False,False,False,False,False,True,False,3
135,1,1784789713,1784789713,2026-07-23,14,环境话题加入,34,1,48,True,True,False,False,False,False,False,True,False,3
136,1,1784789817,1784789817,2026-07-23,14,自主定向回复,2,1,40,True,False,True,False,False,True,False,True,True,40
137,1,1784789918,1784789921,2026-07-23,14,被点名/被回复,10,3,47,True,True,True,False,True,True,False,True,False,2
138,1,1784790237,1784790237,2026-07-23,15,环境话题加入,3,1,14,True,False,False,False,False,False,False,True,False,0
139,1,1784790258,1784790258,2026-07-23,15,自主定向回复,3,1,33,True,False,True,False,False,True,False,True,False,0
140,1,1784790336,1784790359,2026-07-23,15,连续对话,7,3,27,True,True,False,False,False,False,False,True,True,26
141,1,1784790470,1784790471,2026-07-23,15,被点名/被回复,15,2,28,True,True,True,False,True,True,False,True,False,4
142,1,1784791017,1784791017,2026-07-23,15,被点名/被回复,15,1,27,True,True,True,False,True,True,False,True,True,10
143,1,1784791077,1784791077,2026-07-23,15,被点名/被回复,14,1,24,True,False,True,False,True,True,False,True,False,43
144,1,1784791138,1784791138,2026-07-23,15,连续对话,18,1,24,True,False,False,False,False,False,True,True,False,1
145,1,1784791141,1784791141,2026-07-23,15,连续对话,2,1,8,True,True,False,False,False,False,False,True,False,19
146,1,1784791164,1784791164,2026-07-23,15,连续对话,4,1,0,False,True,False,False,False,False,False,True,False,34
147,1,1784791200,1784791200,2026-07-23,15,连续对话,2,1,6,True,False,False,False,False,False,False,True,False,13
148,1,1784791350,1784791350,2026-07-23,15,连续对话,5,1,0,False,True,False,False,False,False,False,True,False,40
149,1,1784791534,1784791546,2026-07-23,15,自主定向回复,3,3,29,True,True,True,True,False,True,False,True,False,23
150,1,1784791641,1784791641,2026-07-23,15,连续对话,1,1,0,False,True,False,False,False,False,False,True,False,6
151,1,1784791648,1784791648,2026-07-23,15,连续对话,1,1,8,True,True,False,True,False,False,False,True,False,1
152,1,1784791652,1784791660,2026-07-23,15,连续对话,3,2,6,True,True,False,True,False,False,False,True,False,0
153,1,1784791842,1784791842,2026-07-23,15,环境话题加入,3,1,18,True,True,False,False,False,False,False,True,False,48
154,1,1784791998,1784792008,2026-07-23,15,连续对话,17,2,8,True,True,False,True,False,False,False,True,False,10
155,1,1784792057,1784792069,2026-07-23,15,连续对话,16,2,13,True,True,False,True,False,False,False,True,True,8
156,1,1784792078,1784792078,2026-07-23,15,被点名/被回复,1,1,56,True,False,False,False,True,False,False,True,False,6
157,1,1784792227,1784792227,2026-07-23,15,连续对话,2,1,45,True,False,False,False,False,False,False,True,False,0
158,1,1784792259,1784792269,2026-07-23,15,连续对话,3,2,2,True,True,False,True,False,False,False,True,False,12
159,1,1784792290,1784792290,2026-07-23,15,连续对话,3,1,0,False,True,False,False,False,False,False,True,False,1
160,1,1784792300,1784792300,2026-07-23,15,连续对话,2,1,3,True,True,False,True,False,False,False,True,False,7
161,1,1784792349,1784792349,2026-07-23,15,连续对话,12,1,0,False,True,False,False,False,False,False,True,False,5
162,1,1784792360,1784792360,2026-07-23,15,连续对话,6,1,8,True,True,False,True,False,False,False,True,False,13
163,1,1784792381,1784792381,2026-07-23,15,自主定向回复,4,1,51,True,True,True,False,False,True,False,True,False,1
164,1,1784792514,1784792514,2026-07-23,15,连续对话,0,1,0,False,True,False,False,False,False,False,True,False,7
165,1,1784792526,1784792526,2026-07-23,15,连续对话,5,1,8,True,True,False,True,False,False,False,True,True,2
166,1,1784792563,1784792571,2026-07-23,15,被点名/被回复,4,2,13,True,True,False,True,True,False,False,True,False,5
167,1,1784792638,1784792642,2026-07-23,15,连续对话,4,2,18,True,True,False,True,False,False,False,True,False,0
168,1,1784792696,1784792696,2026-07-23,15,自主定向回复,4,1,25,True,True,True,False,False,True,False,True,True,1
169,1,1784792729,1784792732,2026-07-23,15,被点名/被回复,15,2,25,True,True,True,False,True,True,False,True,True,0
170,1,1784792749,1784792749,2026-07-23,15,被点名/被回复,1,1,24,True,True,True,False,True,True,False,True,False,1
171,1,1784792755,1784792755,2026-07-23,15,连续对话,5,1,0,False,True,False,False,False,False,False,True,False,1
172,1,1784792758,1784792758,2026-07-23,15,连续对话,2,1,31,True,False,False,True,False,False,False,True,False,3
173,1,1784792884,1784792884,2026-07-23,15,自主定向回复,10,1,26,True,True,True,False,False,True,False,True,False,5
174,1,1784793037,1784793037,2026-07-23,15,连续对话,1,1,0,False,True,False,False,False,False,False,True,False,3
175,1,1784793049,1784793049,2026-07-23,15,连续对话,5,1,8,True,True,False,True,False,False,False,True,False,5
176,1,1784793219,1784793223,2026-07-23,15,自主定向回复,0,2,10,True,True,True,True,False,True,False,True,False,8
177,1,1784793281,1784793281,2026-07-23,15,连续对话,1,1,6,True,False,False,False,False,False,False,True,False,10
178,1,1784793295,1784793295,2026-07-23,15,连续对话,2,1,0,False,True,False,False,False,False,False,True,False,3
179,1,1784793308,1784793308,2026-07-23,15,连续对话,3,1,6,True,False,False,False,False,False,False,True,False,3
180,1,1784793330,1784793330,2026-07-23,15,连续对话,2,1,6,True,False,False,False,False,False,False,True,False,5
181,1,1784793363,1784793363,2026-07-23,15,自主定向回复,3,1,22,True,False,True,False,False,True,False,True,False,2
182,1,1784793378,1784793380,2026-07-23,15,自主定向回复,5,2,56,True,False,True,False,False,True,False,True,True,1
183,1,1784793409,1784793411,2026-07-23,15,被点名/被回复,7,2,27,True,True,True,False,True,True,False,True,False,5
184,1,1784793417,1784793417,2026-07-23,15,连续对话,1,1,6,True,False,False,False,False,False,False,True,False,2
185,1,1784793424,1784793424,2026-07-23,15,连续对话,5,1,0,False,True,False,False,False,False,False,True,False,1
186,1,1784793438,1784793438,2026-07-23,15,自主定向回复,0,1,22,True,False,True,False,False,True,False,True,False,0
187,1,1784793439,1784793439,2026-07-23,15,连续对话,0,1,0,False,True,False,False,False,False,False,True,True,6
188,1,1784793462,1784793465,2026-07-23,15,被点名/被回复,1,3,39,True,True,True,False,True,True,False,True,False,10
189,1,1784793665,1784793665,2026-07-23,16,自主定向回复,3,1,15,True,False,True,False,False,True,False,True,False,0
190,1,1784793667,1784793674,2026-07-23,16,连续对话,2,3,35,True,True,False,False,False,False,True,True,False,5
191,1,1784793679,1784793679,2026-07-23,16,连续对话,0,1,8,True,True,False,False,False,False,False,True,False,13
192,1,1784793788,1784793788,2026-07-23,16,自主定向回复,1,1,41,True,False,True,False,False,True,False,True,False,0
193,1,1784793790,1784793790,2026-07-23,16,连续对话,1,1,0,False,True,False,False,False,False,False,True,True,2
194,1,1784793822,1784793836,2026-07-23,16,被点名/被回复,9,2,29,True,True,True,False,True,True,False,True,False,2
195,1,1784793929,1784793931,2026-07-23,16,自主定向回复,6,2,29,True,True,True,False,False,True,False,True,False,0
196,1,1784794137,1784794138,2026-07-23,16,自主定向回复,1,2,46,True,True,True,False,False,True,False,True,True,2
197,1,1784794166,1784794166,2026-07-23,16,被点名/被回复,3,1,23,True,True,True,False,True,True,False,True,False,3
198,1,1784794383,1784794383,2026-07-23,16,环境话题加入,2,1,6,True,False,False,False,False,False,False,True,False,35
199,1,1784794531,1784794531,2026-07-23,16,连续对话,94,1,68,True,False,False,False,False,False,False,True,True,10
200,1,1784794598,1784794598,2026-07-23,16,被点名/被回复,39,1,108,True,True,True,False,True,True,False,True,False,3
201,1,1784794602,1784794602,2026-07-23,16,自主定向回复,1,2,19,True,True,True,False,False,True,False,True,False,18
202,1,1784794662,1784794662,2026-07-23,16,连续对话,7,1,80,True,False,False,False,False,False,False,True,False,12
203,1,1784794708,1784794708,2026-07-23,16,自主定向回复,4,1,54,True,True,True,False,False,True,False,True,True,9
204,1,1784794734,1784794734,2026-07-23,16,被点名/被回复,1,1,25,True,False,False,False,True,False,False,True,False,0
205,1,1784794752,1784794752,2026-07-23,16,连续对话,9,1,3,True,False,False,True,False,False,False,True,True,23
206,1,1784794796,1784794796,2026-07-23,16,被点名/被回复,1,1,33,True,False,True,False,True,True,True,True,False,8
207,1,1784794821,1784794821,2026-07-23,16,自主定向回复,9,1,23,True,False,True,False,False,True,False,True,False,8
208,1,1784794844,1784794844,2026-07-23,16,自主定向回复,2,1,25,True,False,True,False,False,True,False,True,False,6
209,1,1784794874,1784794874,2026-07-23,16,自主定向回复,3,1,31,True,False,True,False,False,True,False,True,False,37
210,1,1784794936,1784794936,2026-07-23,16,连续对话,1,1,0,False,True,False,False,False,False,False,True,False,3
211,1,1784794954,1784794954,2026-07-23,16,自主定向回复,5,1,22,True,True,True,False,False,True,False,True,False,1
212,1,1784794955,1784794955,2026-07-23,16,自主定向回复,0,1,33,True,False,True,False,False,True,False,True,True,3
213,1,1784794990,1784794996,2026-07-23,16,被点名/被回复,20,3,32,True,True,True,True,True,True,False,True,True,9
214,1,1784795121,1784795121,2026-07-23,16,被点名/被回复,30,1,38,True,False,True,False,True,True,False,True,True,0
215,1,1784795181,1784795181,2026-07-23,16,被点名/被回复,22,1,43,True,False,True,False,True,True,False,True,False,15
216,1,1784795205,1784795205,2026-07-23,16,连续对话,3,1,0,False,True,False,False,False,False,False,True,False,9
217,1,1784795227,1784795227,2026-07-23,16,连续对话,3,1,0,False,True,False,False,False,False,False,True,False,18
218,1,1784795268,1784795268,2026-07-23,16,连续对话,6,1,80,True,False,False,False,False,False,False,True,False,28
219,1,1784795431,1784795453,2026-07-23,16,连续对话,1,3,163,True,True,False,True,False,False,False,True,False,8
220,1,1784795465,1784795465,2026-07-23,16,连续对话,4,1,23,True,True,False,False,False,False,False,True,False,0
221,1,1784795485,1784795485,2026-07-23,16,自主定向回复,1,2,140,True,True,True,True,False,True,False,True,False,1
222,1,1784795487,1784795490,2026-07-23,16,连续对话,1,2,0,False,True,False,False,False,False,False,True,False,13
223,1,1784795505,1784795505,2026-07-23,16,连续对话,2,1,51,True,False,False,False,False,False,False,True,False,7
224,1,1784795545,1784795545,2026-07-23,16,自主定向回复,19,1,16,True,False,True,False,False,True,False,True,False,10
225,1,1784795655,1784795662,2026-07-23,16,自主定向回复,74,3,69,True,True,True,False,False,True,False,True,False,2
226,1,1784795665,1784795668,2026-07-23,16,连续对话,1,2,10,True,True,False,True,False,False,False,True,False,22
227,1,1784795691,1784795691,2026-07-23,16,连续对话,1,1,85,True,True,False,False,False,False,False,True,False,4
228,1,1784796158,1784796166,2026-07-23,16,自主定向回复,8,3,27,True,True,True,False,False,True,False,True,False,30
229,1,1784796290,1784796290,2026-07-23,16,连续对话,5,1,0,False,True,False,False,False,False,False,True,False,11
230,1,1784796313,1784796313,2026-07-23,16,连续对话,1,1,60,True,False,False,True,False,False,False,True,False,5
231,1,1784796322,1784796322,2026-07-23,16,连续对话,0,1,0,False,True,False,False,False,False,False,True,False,8
232,1,1784796340,1784796340,2026-07-23,16,连续对话,1,1,62,True,False,False,True,False,False,False,True,False,4
233,1,1784796345,1784796348,2026-07-23,16,连续对话,1,2,0,False,True,False,False,False,False,False,True,False,10
234,1,1784796359,1784796359,2026-07-23,16,连续对话,1,1,61,True,False,False,True,False,False,False,True,False,27
235,1,1784796387,1784796387,2026-07-23,16,连续对话,1,1,63,True,False,False,True,False,False,False,True,False,6
236,1,1784796404,1784796404,2026-07-23,16,连续对话,11,1,0,False,True,False,False,False,False,False,True,False,49
237,1,1784796457,1784796457,2026-07-23,16,连续对话,4,1,0,False,True,False,False,False,False,False,True,False,67
238,1,1784796716,1784796716,2026-07-23,16,环境话题加入,14,1,26,True,False,False,False,False,False,False,True,False,11
239,1,1784797222,1784797224,2026-07-23,17,自主定向回复,18,2,60,True,True,True,False,False,True,False,True,True,15
240,1,1784797333,1784797334,2026-07-23,17,被点名/被回复,12,2,52,True,True,True,False,True,True,False,True,True,30
241,1,1784797389,1784797389,2026-07-23,17,被点名/被回复,25,1,36,True,False,True,False,True,True,False,True,True,19
242,1,1784797422,1784797431,2026-07-23,17,被点名/被回复,2,4,37,True,True,True,False,True,True,False,True,False,75
243,1,1784797509,1784797510,2026-07-23,17,连续对话,3,2,0,False,True,False,False,False,False,False,True,True,43
244,1,1784797627,1784797627,2026-07-23,17,被点名/被回复,11,1,35,True,False,False,False,True,False,False,True,False,15
245,1,1784797671,1784797671,2026-07-23,17,连续对话,4,1,0,False,True,False,False,False,False,False,True,True,17
246,1,1784797702,1784797705,2026-07-23,17,被点名/被回复,3,2,31,True,True,False,False,True,False,False,True,True,4
247,1,1784797809,1784797809,2026-07-23,17,被点名/被回复,2,1,2,True,False,True,False,True,True,False,True,False,20
248,1,1784797833,1784797833,2026-07-23,17,连续对话,4,1,0,False,True,False,False,False,False,False,True,True,4
249,1,1784797852,1784797852,2026-07-23,17,被点名/被回复,15,1,45,True,False,True,False,True,True,False,True,False,0
250,1,1784797853,1784797853,2026-07-23,17,连续对话,1,1,0,False,True,False,False,False,False,False,True,False,7
251,1,1784797861,1784797884,2026-07-23,17,自主定向回复,1,3,54,True,True,True,False,False,True,False,True,False,1
252,1,1784798175,1784798175,2026-07-23,17,被点名/被回复,1,1,6,True,False,True,False,True,True,False,True,True,1
253,1,1784798214,1784798214,2026-07-23,17,被点名/被回复,1,1,3,True,False,True,False,True,True,False,True,True,23
254,1,1784798253,1784798253,2026-07-23,17,被点名/被回复,3,1,36,True,True,True,False,True,True,False,True,True,29
255,1,1784798295,1784798296,2026-07-23,17,被点名/被回复,13,2,51,True,True,True,False,True,True,False,True,True,22
256,1,1784798328,1784798328,2026-07-23,17,被点名/被回复,7,1,18,True,True,True,False,True,True,False,True,True,18
257,1,1784798360,1784798362,2026-07-23,17,被点名/被回复,14,2,40,True,True,True,False,True,True,False,True,True,53
258,1,1784798428,1784798432,2026-07-23,17,被点名/被回复,2,3,37,True,True,True,False,True,True,False,True,False,47
259,1,1784798510,1784798510,2026-07-23,17,连续对话,2,1,1,True,False,False,False,False,False,False,True,True,3
260,1,1784798549,1784798549,2026-07-23,17,被点名/被回复,23,1,16,True,True,True,False,True,True,False,True,True,24
261,1,1784798574,1784798574,2026-07-23,17,被点名/被回复,1,1,3,True,False,True,False,True,True,False,True,False,19
262,1,1784798808,1784798809,2026-07-23,17,自主定向回复,9,2,19,True,True,True,False,False,True,False,True,True,33
263,1,1784798856,1784798864,2026-07-23,17,被点名/被回复,7,4,46,True,True,True,True,True,True,False,True,True,14
264,1,1784798904,1784798906,2026-07-23,17,被点名/被回复,14,2,37,True,False,False,False,True,False,False,True,True,9
265,1,1784798932,1784798932,2026-07-23,17,被点名/被回复,15,1,30,True,True,True,False,True,True,False,True,True,13
266,1,1784798959,1784798959,2026-07-23,17,被点名/被回复,13,1,19,True,False,True,False,True,True,False,True,False,1
267,1,1784798961,1784798961,2026-07-23,17,连续对话,1,1,0,False,True,False,False,False,False,False,True,True,2
268,1,1784798980,1784798981,2026-07-23,17,被点名/被回复,13,2,61,True,True,True,False,True,True,False,True,False,4
269,1,1784798989,1784798996,2026-07-23,17,连续对话,4,2,91,True,True,False,False,False,False,False,True,False,13
270,1,1784799010,1784799010,2026-07-23,17,连续对话,1,1,154,True,True,False,False,False,False,False,True,True,9
271,1,1784799026,1784799034,2026-07-23,17,被点名/被回复,1,3,75,True,True,True,False,True,True,True,True,True,3
272,1,1784799041,1784799053,2026-07-23,17,被点名/被回复,4,6,215,True,True,True,False,True,True,True,True,False,7
273,1,1784799082,1784799082,2026-07-23,17,连续对话,1,2,141,True,False,False,False,False,False,True,True,True,1
274,1,1784799129,1784799129,2026-07-23,17,被点名/被回复,5,1,37,True,True,True,False,True,True,False,True,False,28
275,1,1784799193,1784799193,2026-07-23,17,自主定向回复,6,1,16,True,True,True,False,False,True,False,True,False,18
276,1,1784799234,1784799236,2026-07-23,17,连续对话,2,2,27,True,True,False,False,False,False,False,True,False,1
277,1,1784799238,1784799238,2026-07-23,17,连续对话,1,1,0,False,True,False,False,False,False,False,True,False,4
278,1,1784799286,1784799286,2026-07-23,17,连续对话,3,1,0,False,True,False,False,False,False,False,True,False,0
279,1,1784799291,1784799291,2026-07-23,17,连续对话,5,1,0,False,True,False,False,False,False,False,True,True,34
280,1,1784799343,1784799343,2026-07-23,17,被点名/被回复,18,1,14,True,False,True,False,True,True,False,True,False,6
281,1,1784799885,1784799887,2026-07-23,17,被点名/被回复,15,2,37,True,True,True,False,True,True,False,True,False,8
282,1,1784799898,1784799898,2026-07-23,17,连续对话,3,1,0,False,True,False,False,False,False,False,True,True,4
283,1,1784799926,1784799926,2026-07-23,17,被点名/被回复,8,1,20,True,False,True,False,True,True,False,True,False,1
284,1,1784799994,1784799994,2026-07-23,17,连续对话,15,1,27,True,False,False,False,False,False,False,True,True,41
285,1,1784800048,1784800051,2026-07-23,17,被点名/被回复,13,2,43,True,True,True,False,True,True,False,True,True,30
286,1,1784800096,1784800096,2026-07-23,17,被点名/被回复,15,1,18,True,True,True,False,True,True,False,True,True,77
287,1,1784800211,1784800212,2026-07-23,17,被点名/被回复,14,2,31,True,True,True,False,True,True,False,True,False,4
288,1,1784800234,1784800234,2026-07-23,17,连续对话,3,1,0,False,True,False,False,False,False,False,True,True,3
289,1,1784800237,1784800237,2026-07-23,17,被点名/被回复,0,1,0,False,True,False,False,True,False,False,True,True,11
290,1,1784800279,1784800279,2026-07-23,17,被点名/被回复,31,1,22,True,True,True,False,True,True,False,True,True,32
291,1,1784800338,1784800338,2026-07-23,17,被点名/被回复,2,1,3,True,False,True,False,True,True,False,True,True,25
292,1,1784800395,1784800395,2026-07-23,17,被点名/被回复,9,1,22,True,False,True,False,True,True,False,False,False,
293,1,1784800808,1784800808,2026-07-23,18,环境话题加入,4,1,0,False,True,False,False,False,False,False,True,False,14
294,1,1784800897,1784800897,2026-07-23,18,连续对话,3,1,0,False,True,False,False,False,False,False,True,True,53
295,1,1784800977,1784800977,2026-07-23,18,被点名/被回复,3,1,15,True,True,False,False,True,False,False,True,True,16
296,1,1784801012,1784801014,2026-07-23,18,被点名/被回复,4,2,30,True,True,True,False,True,True,False,True,False,9
297,1,1784801051,1784801055,2026-07-23,18,自主定向回复,2,2,29,True,True,True,False,False,True,False,True,False,7
298,1,1784801188,1784801188,2026-07-23,18,连续对话,0,1,0,False,True,False,False,False,False,False,True,False,6
299,1,1784801198,1784801198,2026-07-23,18,连续对话,3,1,0,False,True,False,False,False,False,False,True,False,9
300,1,1784801416,1784801423,2026-07-23,18,环境话题加入,5,2,0,False,True,False,False,False,False,False,True,False,1
301,1,1784801529,1784801529,2026-07-23,18,连续对话,2,1,6,True,False,False,False,False,False,False,True,False,48
302,1,1784801708,1784801708,2026-07-23,18,连续对话,42,1,47,True,True,False,False,False,False,False,True,True,11
303,1,1784801794,1784801794,2026-07-23,18,被点名/被回复,5,1,21,True,False,True,False,True,True,False,True,False,14
304,1,1784801943,1784801958,2026-07-23,18,被点名/被回复,0,3,25,True,True,True,True,True,True,False,True,True,1
305,1,1784801973,1784801975,2026-07-23,18,被点名/被回复,3,2,22,True,True,True,False,True,True,False,True,False,18
306,1,1784801999,1784802002,2026-07-23,18,连续对话,3,2,34,True,True,False,False,False,False,True,True,True,3
307,1,1784802011,1784802011,2026-07-23,18,被点名/被回复,2,1,16,True,False,True,False,True,True,False,True,True,2
308,1,1784802037,1784802037,2026-07-23,18,被点名/被回复,8,1,21,True,True,True,False,True,True,False,True,True,23
309,1,1784802076,1784802076,2026-07-23,18,被点名/被回复,2,1,26,True,True,True,False,True,True,False,True,True,38
310,1,1784802128,1784802129,2026-07-23,18,被点名/被回复,14,2,49,True,True,True,False,True,True,False,True,False,15
311,1,1784802158,1784802163,2026-07-23,18,连续对话,5,2,4,True,True,False,True,False,False,False,True,True,3
312,1,1784802212,1784802212,2026-07-23,18,被点名/被回复,1,2,0,False,True,False,False,True,False,False,True,False,1
313,1,1784802214,1784802214,2026-07-23,18,连续对话,1,1,0,False,True,False,False,False,False,False,True,False,1
314,1,1784802217,1784802232,2026-07-23,18,自主定向回复,2,3,71,True,True,True,False,False,True,False,True,False,1
315,1,1784802236,1784802236,2026-07-23,18,连续对话,1,1,0,False,True,False,False,False,False,False,True,True,4
316,1,1784802254,1784802254,2026-07-23,18,被点名/被回复,14,1,22,True,True,True,False,True,True,False,True,False,1
317,1,1784802257,1784802257,2026-07-23,18,连续对话,2,1,0,False,True,False,False,False,False,False,True,False,18
318,1,1784802280,1784802280,2026-07-23,18,连续对话,3,1,0,False,True,False,False,False,False,False,True,True,6
319,1,1784802303,1784802303,2026-07-23,18,被点名/被回复,3,1,17,True,True,True,False,True,True,False,True,False,0
320,1,1784802322,1784802322,2026-07-23,18,连续对话,1,1,0,False,True,False,False,False,False,False,True,True,1
321,1,1784802336,1784802336,2026-07-23,18,被点名/被回复,1,1,28,True,False,True,False,True,True,False,True,True,2
322,1,1784802351,1784802351,2026-07-23,18,被点名/被回复,8,1,35,True,False,True,False,True,True,False,True,False,2
323,1,1784802356,1784802356,2026-07-23,18,连续对话,3,1,0,False,True,False,False,False,False,False,True,False,39
324,1,1784802397,1784802397,2026-07-23,18,连续对话,2,1,0,False,True,False,False,False,False,False,True,True,7
325,1,1784802417,1784802417,2026-07-23,18,被点名/被回复,13,1,21,True,False,True,False,True,True,False,True,True,23
326,1,1784802457,1784802459,2026-07-23,18,被点名/被回复,16,2,32,True,True,True,False,True,True,False,True,False,16
327,1,1784802495,1784802495,2026-07-23,18,连续对话,12,1,24,True,False,False,False,False,False,False,True,False,0
328,1,1784802513,1784802526,2026-07-23,18,连续对话,0,4,45,True,True,False,False,False,False,False,True,False,1
329,1,1784802528,1784802528,2026-07-23,18,连续对话,1,1,0,False,True,False,False,False,False,False,True,False,2
330,1,1784802531,1784802531,2026-07-23,18,连续对话,1,1,6,True,False,False,False,False,False,False,True,True,3
331,1,1784802602,1784802608,2026-07-23,18,被点名/被回复,4,3,55,True,True,True,False,True,True,False,True,False,8
332,1,1784802681,1784802681,2026-07-23,18,自主定向回复,17,1,32,True,True,True,False,False,True,False,True,True,31
333,1,1784802726,1784802726,2026-07-23,18,被点名/被回复,1,1,35,True,False,False,False,True,False,False,True,False,0
334,1,1784802728,1784802728,2026-07-23,18,连续对话,2,1,0,False,True,False,False,False,False,False,True,False,2
335,1,1784802753,1784802753,2026-07-23,18,连续对话,3,1,0,False,True,False,False,False,False,False,True,False,48
336,1,1784802805,1784802805,2026-07-23,18,连续对话,4,1,0,False,True,False,False,False,False,False,True,False,6
337,1,1784802816,1784802816,2026-07-23,18,连续对话,0,1,0,False,True,False,False,False,False,False,True,False,16
338,1,1784803139,1784803141,2026-07-23,18,环境话题加入,16,2,65,True,True,False,False,False,False,False,True,False,50
339,1,1784803205,1784803205,2026-07-23,18,连续对话,7,1,0,False,True,False,False,False,False,False,False,False,
340,2,1784803613,1784803613,2026-07-23,18,环境话题加入,1,1,20,True,False,False,False,False,False,False,True,False,31
341,3,1784805293,1784805293,2026-07-23,19,环境话题加入,3,1,3,True,False,False,True,False,False,False,True,True,68
342,3,1784805376,1784805376,2026-07-23,19,被点名/被回复,4,1,14,True,True,True,False,True,True,False,True,False,1
343,3,1784805493,1784805493,2026-07-23,19,连续对话,3,1,0,False,True,False,False,False,False,False,True,False,5
344,3,1784805506,1784805506,2026-07-23,19,连续对话,8,1,0,False,True,False,False,False,False,False,True,False,12
345,3,1784805719,1784805719,2026-07-23,19,环境话题加入,5,1,23,True,True,False,False,False,False,False,True,False,6
346,3,1784805948,1784805949,2026-07-23,19,被点名/被回复,14,2,27,True,False,True,False,True,True,False,True,False,7
347,3,1784806086,1784806086,2026-07-23,19,自主定向回复,6,1,66,True,False,True,True,False,True,False,True,True,9
348,3,1784806145,1784806145,2026-07-23,19,被点名/被回复,3,1,8,True,False,False,False,True,False,False,True,False,10
349,3,1784807198,1784807198,2026-07-23,19,环境话题加入,3,1,0,False,True,False,False,False,False,False,False,False,
350,3,1784807343,1784807346,2026-07-23,19,连续对话,5,2,0,False,True,False,False,False,False,False,True,False,87
351,3,1784807977,1784807979,2026-07-23,19,环境话题加入,11,2,25,True,True,False,False,False,False,False,True,False,6
352,3,1784808005,1784808005,2026-07-23,20,连续对话,20,1,24,True,False,False,False,False,False,True,True,False,9
353,3,1784808015,1784808015,2026-07-23,20,连续对话,1,1,8,True,True,False,False,False,False,False,False,False,
354,3,1784808179,1784808179,2026-07-23,20,连续对话,3,1,1,True,False,False,False,False,False,False,True,False,2
355,3,1784808395,1784808401,2026-07-23,20,环境话题加入,5,2,0,False,True,False,False,False,False,False,True,True,21
356,3,1784808425,1784808425,2026-07-23,20,被点名/被回复,2,1,13,True,False,True,False,True,True,True,True,False,1
357,3,1784808436,1784808438,2026-07-23,20,自主定向回复,10,2,27,True,True,True,False,False,True,False,True,False,12
358,3,1784808469,1784808469,2026-07-23,20,自主定向回复,4,1,223,True,False,True,False,False,True,False,True,True,26
359,3,1784808512,1784808514,2026-07-23,20,被点名/被回复,17,2,60,True,True,True,False,True,True,False,True,True,24
360,3,1784808550,1784808552,2026-07-23,20,被点名/被回复,3,2,17,True,True,False,False,True,False,False,True,False,112
361,3,1784808835,1784808841,2026-07-23,20,被点名/被回复,8,3,72,True,True,False,True,True,False,False,True,False,19
362,3,1784808879,1784808881,2026-07-23,20,连续对话,0,2,55,True,True,False,False,False,False,False,True,False,0
363,3,1784808893,1784808899,2026-07-23,20,连续对话,12,2,19,True,True,False,False,False,False,False,True,False,1
364,3,1784809020,1784809020,2026-07-23,20,连续对话,20,1,33,True,True,False,False,False,False,False,True,False,17
365,3,1784809043,1784809048,2026-07-23,20,连续对话,4,2,0,False,True,False,False,False,False,False,True,False,9
366,3,1784809059,1784809067,2026-07-23,20,连续对话,2,2,4,True,True,False,True,False,False,False,True,False,5
367,3,1784809100,1784809100,2026-07-23,20,连续对话,3,1,0,False,True,False,False,False,False,False,True,False,9
368,3,1784809111,1784809111,2026-07-23,20,连续对话,2,1,8,True,True,False,True,False,False,False,True,False,3
369,3,1784809413,1784809413,2026-07-23,20,被点名/被回复,10,1,34,True,False,True,False,True,True,False,True,False,5
370,3,1784809454,1784809454,2026-07-23,20,自主定向回复,15,1,29,True,True,True,False,False,True,False,True,False,2
371,3,1784809512,1784809512,2026-07-23,20,连续对话,2,1,0,False,True,False,False,False,False,False,True,False,1
372,3,1784809518,1784809518,2026-07-23,20,连续对话,5,1,0,False,True,False,False,False,False,False,True,False,74
373,3,1784810114,1784810114,2026-07-23,20,环境话题加入,18,1,0,False,True,False,False,False,False,False,True,False,4
374,3,1784810133,1784810138,2026-07-23,20,自主定向回复,15,3,19,True,True,True,False,False,True,False,True,False,4
375,3,1784810153,1784810153,2026-07-23,20,连续对话,11,1,0,False,True,False,False,False,False,False,True,False,66
376,3,1784810234,1784810234,2026-07-23,20,连续对话,4,1,0,False,True,False,False,False,False,False,False,False,
377,4,1784811122,1784811122,2026-07-23,20,环境话题加入,1,1,0,False,True,False,False,False,False,False,True,False,1
378,4,1784811445,1784811527,2026-07-23,20,环境话题加入,0,2,155,True,False,False,True,False,False,False,True,False,15
379,4,1784811551,1784811551,2026-07-23,20,连续对话,4,1,52,True,False,False,True,False,False,False,True,False,26
380,4,1784811591,1784811591,2026-07-23,20,连续对话,2,1,0,False,True,False,False,False,False,False,True,False,8
381,4,1784811730,1784811730,2026-07-23,21,连续对话,3,1,0,False,True,False,False,False,False,False,True,False,62
382,4,1784811800,1784811800,2026-07-23,21,连续对话,8,1,0,False,True,False,False,False,False,False,True,False,56
383,4,1784811881,1784811881,2026-07-23,21,连续对话,4,1,0,False,True,False,False,False,False,False,True,False,5
384,4,1784811956,1784811956,2026-07-23,21,连续对话,8,1,25,True,True,False,False,False,False,False,True,False,7
385,4,1784811976,1784811976,2026-07-23,21,连续对话,7,1,0,False,True,False,False,False,False,False,True,False,4
386,4,1784812324,1784812324,2026-07-23,21,环境话题加入,4,1,33,True,True,False,False,False,False,False,True,True,19
387,4,1784812397,1784812397,2026-07-23,21,被点名/被回复,4,1,20,True,True,True,False,True,True,False,True,False,5
388,4,1784813433,1784813433,2026-07-23,21,被点名/被回复,13,1,50,True,False,True,False,True,True,False,True,False,0
389,4,1784813435,1784813435,2026-07-23,21,连续对话,2,1,0,False,True,False,False,False,False,False,True,False,0
390,4,1784813771,1784813774,2026-07-23,21,被点名/被回复,16,2,28,True,True,True,False,True,True,False,True,False,47
391,4,1784813829,1784813843,2026-07-23,21,连续对话,8,2,0,False,True,False,False,False,False,False,True,True,9
392,4,1784813931,1784813931,2026-07-23,21,被点名/被回复,4,1,13,True,False,True,False,True,True,True,False,False,
393,4,1784814105,1784814105,2026-07-23,21,自主定向回复,178,1,315,True,False,True,False,False,True,False,True,True,74
394,4,1784814192,1784814195,2026-07-23,21,被点名/被回复,13,2,33,True,True,True,False,True,True,False,True,False,16
395,4,1784814269,1784814300,2026-07-23,21,自主定向回复,15,4,65,True,True,True,False,False,True,True,True,True,18
396,4,1784814347,1784814351,2026-07-23,21,被点名/被回复,15,2,25,True,True,True,False,True,True,False,True,True,21
397,4,1784814392,1784814392,2026-07-23,21,被点名/被回复,12,1,38,True,True,True,False,True,True,False,True,True,27
398,4,1784814434,1784814434,2026-07-23,21,被点名/被回复,15,1,35,True,False,False,False,True,False,False,True,False,0
399,4,1784814444,1784814459,2026-07-23,21,连续对话,10,3,22,True,True,False,False,False,False,False,True,True,6
400,4,1784814532,1784814532,2026-07-23,21,被点名/被回复,16,1,25,True,True,True,False,True,True,False,True,False,26
401,4,1784814560,1784814560,2026-07-23,21,连续对话,2,1,5,True,True,False,False,False,False,False,True,False,0
402,4,1784814748,1784814748,2026-07-23,21,环境话题加入,21,1,0,False,True,False,False,False,False,False,True,False,0
403,4,1784814749,1784814749,2026-07-23,21,连续对话,1,1,26,True,True,False,False,False,False,False,True,False,9
404,4,1784814963,1784814967,2026-07-23,21,环境话题加入,6,2,0,False,True,False,False,False,False,False,True,False,33
405,4,1784815401,1784815403,2026-07-23,22,环境话题加入,4,2,0,False,True,False,False,False,False,False,False,False,
406,6,1784816720,1784816723,2026-07-23,22,延迟上下文,158,2,0,False,True,False,False,False,False,False,True,False,10
407,6,1784816939,1784816939,2026-07-23,22,环境话题加入,8,1,40,True,False,False,False,False,False,False,True,False,25
408,6,1784817026,1784817026,2026-07-23,22,连续对话,6,1,0,False,True,False,False,False,False,False,True,False,0
409,6,1784817027,1784817027,2026-07-23,22,连续对话,1,1,0,False,True,False,False,False,False,False,True,False,2
410,6,1784818237,1784818239,2026-07-23,22,环境话题加入,5,2,0,False,True,False,False,False,False,False,True,False,47
411,6,1784818705,1784818705,2026-07-23,22,环境话题加入,4,1,0,False,True,False,False,False,False,False,True,False,1
412,6,1784818709,1784818709,2026-07-23,22,连续对话,1,1,0,False,True,False,False,False,False,False,True,False,4
413,6,1784819892,1784819892,2026-07-23,23,环境话题加入,1,1,22,True,False,False,False,False,False,False,True,False,2
414,6,1784819944,1784819944,2026-07-23,23,连续对话,28,1,0,False,True,False,False,False,False,False,True,False,17
415,6,1784819967,1784819971,2026-07-23,23,连续对话,2,3,47,True,True,False,False,False,False,False,True,False,35
416,6,1784820143,1784820143,2026-07-23,23,连续对话,1,1,15,True,False,False,False,False,False,False,True,False,7
417,6,1784820231,1784820231,2026-07-23,23,连续对话,7,1,0,False,True,False,False,False,False,False,True,False,15
418,6,1784820734,1784820734,2026-07-23,23,环境话题加入,1,1,0,False,True,False,False,False,False,False,True,True,5
419,6,1784820745,1784820751,2026-07-23,23,被点名/被回复,5,2,0,False,True,False,False,True,False,False,True,False,4
420,6,1784820780,1784820780,2026-07-23,23,连续对话,4,1,0,False,True,False,False,False,False,False,True,True,10
421,6,1784820809,1784820815,2026-07-23,23,被点名/被回复,3,2,0,False,True,False,False,True,False,False,True,False,4
422,6,1784820944,1784820944,2026-07-23,23,连续对话,4,1,0,False,True,False,False,False,False,False,False,False,
423,6,1784821088,1784821088,2026-07-23,23,连续对话,4,1,0,False,True,False,False,False,False,False,True,False,2
424,6,1784821108,1784821108,2026-07-23,23,连续对话,4,1,0,False,True,False,False,False,False,False,True,False,96
425,6,1784821213,1784821213,2026-07-23,23,连续对话,9,1,0,False,True,False,False,False,False,False,True,False,50
426,6,1784821450,1784821450,2026-07-23,23,环境话题加入,4,1,0,False,True,False,False,False,False,False,True,False,31
427,6,1784821755,1784821755,2026-07-23,23,被点名/被回复,1,1,14,True,False,False,False,True,False,False,True,False,4
428,6,1784821792,1784821792,2026-07-23,23,连续对话,1,1,11,True,False,False,False,False,False,False,True,False,1
429,6,1784821806,1784821806,2026-07-23,23,自主定向回复,2,2,40,True,False,True,False,False,True,False,True,False,1
430,6,1784821934,1784821934,2026-07-23,23,连续对话,1,1,2,True,False,False,False,False,False,False,True,False,6
431,6,1784822104,1784822105,2026-07-23,23,连续对话,5,2,0,False,True,False,False,False,False,False,True,False,4
432,6,1784822134,1784822134,2026-07-23,23,连续对话,3,1,0,False,True,False,False,False,False,False,True,False,4
433,6,1784822144,1784822144,2026-07-23,23,连续对话,1,1,4,True,True,False,True,False,False,False,True,True,12
434,6,1784822212,1784822219,2026-07-23,23,被点名/被回复,8,2,4,True,True,False,True,True,False,False,True,False,4
435,6,1784822232,1784822242,2026-07-23,23,连续对话,9,2,6,True,True,False,True,False,False,False,True,False,1
436,6,1784822259,1784822259,2026-07-23,23,连续对话,13,2,17,True,True,False,False,False,False,False,True,False,2
437,6,1784822262,1784822262,2026-07-23,23,连续对话,1,1,0,False,True,False,False,False,False,False,True,False,2
438,6,1784822266,1784822266,2026-07-23,23,连续对话,2,1,4,True,True,False,True,False,False,False,True,False,9
439,6,1784822276,1784822289,2026-07-23,23,连续对话,1,3,10,True,True,False,True,False,False,False,True,False,6
440,6,1784822299,1784822299,2026-07-23,23,连续对话,2,1,8,True,True,False,True,False,False,False,True,False,3
441,6,1784822305,1784822316,2026-07-23,23,连续对话,1,2,0,False,True,False,False,False,False,False,True,False,10
442,6,1784822412,1784822412,2026-07-24,0,连续对话,15,1,0,False,True,False,False,False,False,False,True,False,4
443,6,1784822422,1784822422,2026-07-24,0,连续对话,2,1,8,True,True,False,True,False,False,False,True,False,49
444,6,1784822565,1784822576,2026-07-24,0,连续对话,10,2,8,True,True,False,True,False,False,False,True,False,11
445,6,1784822835,1784822837,2026-07-24,0,环境话题加入,0,2,0,False,True,False,False,False,False,False,True,False,2
446,6,1784823906,1784823906,2026-07-24,0,环境话题加入,2,1,6,True,False,False,False,False,False,False,True,False,2
447,6,1784823914,1784823914,2026-07-24,0,连续对话,1,1,6,True,False,False,False,False,False,False,True,False,4
448,6,1784823968,1784823970,2026-07-24,0,连续对话,4,3,0,False,True,False,False,False,False,False,True,False,4
449,6,1784823980,1784823980,2026-07-24,0,连续对话,6,2,0,False,True,False,False,False,False,False,True,False,6
450,7,1784825574,1784825574,2026-07-24,0,环境话题加入,4,1,0,False,True,False,False,False,False,False,True,False,1
451,7,1784825577,1784825577,2026-07-24,0,连续对话,0,1,0,False,True,False,False,False,False,False,True,False,24
452,7,1784825642,1784825642,2026-07-24,0,连续对话,2,1,6,True,False,False,False,False,False,False,True,False,3
453,7,1784826415,1784826415,2026-07-24,1,被点名/被回复,2,1,14,True,False,False,False,True,False,False,False,False,
454,7,1784827166,1784827167,2026-07-24,1,自主定向回复,1,2,40,True,False,True,False,False,True,False,True,False,4
455,7,1784827173,1784827173,2026-07-24,1,自主定向回复,2,1,8,True,False,True,False,False,True,False,True,False,9
456,7,1784827184,1784827184,2026-07-24,1,连续对话,2,1,11,True,False,False,False,False,False,False,True,False,51
457,7,1784827541,1784827541,2026-07-24,1,环境话题加入,4,1,0,False,True,False,False,False,False,False,True,False,48
458,7,1784827589,1784827589,2026-07-24,1,连续对话,0,1,144,True,True,False,False,False,False,False,True,False,5
459,7,1784827598,1784827598,2026-07-24,1,连续对话,2,1,14,True,False,False,False,False,False,False,True,False,26
460,7,1784827634,1784827634,2026-07-24,1,连续对话,10,1,0,False,True,False,False,False,False,False,True,False,117
461,7,1784828278,1784828278,2026-07-24,1,环境话题加入,63,1,3,True,False,False,True,False,False,False,True,False,2
462,7,1784828488,1784828488,2026-07-24,1,环境话题加入,3,1,0,False,True,False,False,False,False,False,True,False,13
463,7,1784828512,1784828517,2026-07-24,1,连续对话,6,2,0,False,True,False,False,False,False,False,True,False,3
464,7,1784828562,1784828562,2026-07-24,1,连续对话,2,1,0,False,True,False,False,False,False,False,True,False,2
465,7,1784828576,1784828576,2026-07-24,1,连续对话,3,1,25,True,True,False,False,False,False,False,True,False,41
466,7,1784828694,1784828694,2026-07-24,1,连续对话,8,1,0,False,True,False,False,False,False,False,True,False,19
467,7,1784829762,1784829762,2026-07-24,2,环境话题加入,7,1,0,False,True,False,False,False,False,False,False,False,
468,7,1784829908,1784829908,2026-07-24,2,连续对话,6,1,0,False,True,False,False,False,False,False,True,False,8
469,7,1784829921,1784829928,2026-07-24,2,连续对话,3,2,0,False,True,False,False,False,False,False,True,False,58
470,7,1784830231,1784830231,2026-07-24,2,环境话题加入,2,1,6,True,False,False,False,False,False,False,True,False,5
471,7,1784830238,1784830238,2026-07-24,2,连续对话,2,1,6,True,False,False,False,False,False,False,True,False,39
472,7,1784830279,1784830279,2026-07-24,2,连续对话,2,1,6,True,False,False,False,False,False,False,True,True,5
473,7,1784830285,1784830285,2026-07-24,2,被点名/被回复,1,1,15,True,False,False,False,True,False,False,True,False,8
474,7,1784830294,1784830294,2026-07-24,2,连续对话,1,2,6,True,True,False,False,False,False,False,True,False,29
475,7,1784830505,1784830505,2026-07-24,2,环境话题加入,6,1,0,False,True,False,False,False,False,False,True,False,9
476,7,1784830750,1784830750,2026-07-24,2,被点名/被回复,0,1,15,True,False,False,False,True,False,False,True,False,0
477,7,1784830756,1784830756,2026-07-24,2,连续对话,6,1,6,True,False,False,False,False,False,False,True,False,15
478,7,1784830837,1784830837,2026-07-24,2,连续对话,4,1,6,True,False,False,False,False,False,False,True,False,2
479,7,1784830840,1784830840,2026-07-24,2,连续对话,1,1,6,True,False,False,False,False,False,False,True,False,73
480,7,1784831023,1784831023,2026-07-24,2,环境话题加入,4,1,0,False,True,False,False,False,False,False,True,False,14
481,7,1784831392,1784831392,2026-07-24,2,环境话题加入,5,1,0,False,True,False,False,False,False,False,True,False,22
482,7,1784831900,1784831905,2026-07-24,2,环境话题加入,1,2,0,False,True,False,False,False,False,False,True,False,36
483,7,1784832261,1784832262,2026-07-24,2,环境话题加入,4,2,32,True,True,False,False,False,False,False,True,False,1
484,7,1784832335,1784832335,2026-07-24,2,连续对话,0,1,18,True,False,False,True,False,False,False,True,False,17
485,8,1784833070,1784833070,2026-07-24,2,环境话题加入,4,1,0,False,True,False,False,False,False,False,True,False,105
486,8,1784833175,1784833175,2026-07-24,2,连续对话,0,1,18,True,False,False,True,False,False,False,True,False,12
487,8,1784833217,1784833217,2026-07-24,3,连续对话,18,1,10,True,True,False,False,False,False,False,True,False,6
488,10,1784834963,1784834964,2026-07-24,3,环境话题加入,8,2,26,True,True,False,False,False,False,False,True,False,3
489,10,1784834970,1784834970,2026-07-24,3,连续对话,3,1,0,False,True,False,False,False,False,False,True,False,107
490,10,1784835515,1784835515,2026-07-24,3,环境话题加入,4,1,0,False,True,False,False,False,False,False,True,False,0
491,10,1784835527,1784835527,2026-07-24,3,连续对话,4,1,0,False,True,False,False,False,False,False,True,False,78
492,12,1784837428,1784837431,2026-07-24,4,环境话题加入,6,2,0,False,True,False,False,False,False,False,True,False,1
493,12,1784837850,1784837872,2026-07-24,4,环境话题加入,9,2,0,False,True,False,False,False,False,False,True,False,89
494,12,1784838533,1784838533,2026-07-24,4,被点名/被回复,3,1,13,True,False,True,False,True,True,True,True,False,94
495,12,1784838633,1784838636,2026-07-24,4,连续对话,6,2,0,False,True,False,False,False,False,False,True,False,66
496,12,1784838730,1784838730,2026-07-24,4,自主定向回复,28,1,322,True,False,True,False,False,True,False,True,False,31
497,12,1784838826,1784838826,2026-07-24,4,连续对话,2,1,0,False,True,False,False,False,False,False,True,False,8
498,12,1784838843,1784838843,2026-07-24,4,连续对话,5,1,0,False,True,False,False,False,False,False,True,False,0
499,12,1784838845,1784838845,2026-07-24,4,连续对话,2,1,0,False,True,False,False,False,False,False,True,False,24
500,12,1784838887,1784838888,2026-07-24,4,连续对话,2,2,0,False,True,False,False,False,False,False,True,False,111
501,12,1784839155,1784839161,2026-07-24,4,环境话题加入,4,2,0,False,True,False,False,False,False,False,True,False,94
502,12,1784839261,1784839267,2026-07-24,4,连续对话,6,2,0,False,True,False,False,False,False,False,True,False,13
503,15,1784845432,1784845432,2026-07-24,6,环境话题加入,3,1,0,False,True,False,False,False,False,False,True,False,4
504,18,1784849519,1784849531,2026-07-24,7,被点名/被回复,2,2,48,True,False,False,False,True,False,False,False,False,
505,19,1784851278,1784851278,2026-07-24,8,环境话题加入,55,1,0,False,True,False,False,False,False,False,True,False,9
506,19,1784851485,1784851485,2026-07-24,8,环境话题加入,3,1,0,False,True,False,False,False,False,False,True,False,26
507,19,1784851516,1784851516,2026-07-24,8,连续对话,5,1,0,False,True,False,False,False,False,False,True,False,40
508,19,1784851574,1784851579,2026-07-24,8,连续对话,0,2,106,True,True,False,False,False,False,False,False,False,
509,20,1784851934,1784851948,2026-07-24,8,主动开场,,3,33,True,True,False,False,False,False,True,True,False,12
510,20,1784851968,1784852063,2026-07-24,8,连续对话,5,3,7,True,True,False,False,False,False,False,True,False,17
511,20,1784852097,1784852097,2026-07-24,8,连续对话,1,1,8,True,False,False,False,False,False,False,True,False,31
512,20,1784852842,1784852844,2026-07-24,8,延迟上下文,254,2,0,False,True,False,False,False,False,False,True,True,12
513,20,1784852880,1784852880,2026-07-24,8,被点名/被回复,3,1,60,True,False,False,False,True,False,False,True,True,9
514,20,1784852901,1784852901,2026-07-24,8,被点名/被回复,12,1,17,True,False,True,False,True,True,False,False,False,
515,20,1784853034,1784853034,2026-07-24,8,延迟上下文,145,1,0,False,True,False,False,False,False,False,True,False,1
516,20,1784853184,1784853185,2026-07-24,8,连续对话,14,2,32,True,True,False,False,False,False,False,True,False,18
517,20,1784853218,1784853218,2026-07-24,8,连续对话,1,1,59,True,False,False,False,False,False,False,True,False,12
518,20,1784853521,1784853523,2026-07-24,8,环境话题加入,5,2,32,True,True,False,False,False,False,False,True,True,45
519,20,1784853739,1784853739,2026-07-24,8,被点名/被回复,4,1,0,False,True,False,False,True,False,False,True,False,18
520,20,1784853832,1784853836,2026-07-24,8,连续对话,17,2,28,True,True,False,False,False,False,False,True,True,44
521,20,1784853898,1784853898,2026-07-24,8,被点名/被回复,18,1,41,True,False,True,False,True,True,False,True,False,26
522,20,1784853936,1784853936,2026-07-24,8,自主定向回复,2,1,22,True,False,True,False,False,True,False,True,False,1
523,20,1784853950,1784853950,2026-07-24,8,连续对话,5,1,0,False,True,False,False,False,False,False,True,False,9
524,20,1784853974,1784854027,2026-07-24,8,自主定向回复,10,3,60,True,True,True,False,False,True,True,True,False,7
525,20,1784854063,1784854075,2026-07-24,8,连续对话,9,2,8,True,True,False,True,False,False,False,True,True,6
526,20,1784854111,1784854118,2026-07-24,8,被点名/被回复,5,2,24,True,True,True,False,True,True,False,True,False,0
527,20,1784854129,1784854129,2026-07-24,8,连续对话,0,1,8,True,True,False,True,False,False,False,True,False,14
528,20,1784854183,1784854185,2026-07-24,8,自主定向回复,20,2,39,True,True,True,False,False,True,False,True,False,15
529,20,1784854552,1784854552,2026-07-24,8,环境话题加入,7,1,23,True,True,False,False,False,False,False,True,False,34
530,20,1784855058,1784855061,2026-07-24,9,环境话题加入,2,2,0,False,True,False,False,False,False,False,True,False,49
531,20,1784855264,1784855264,2026-07-24,9,环境话题加入,4,1,0,False,True,False,False,False,False,False,True,False,2
532,20,1784855274,1784855274,2026-07-24,9,连续对话,8,1,0,False,True,False,False,False,False,False,True,False,87
533,20,1784855674,1784855674,2026-07-24,9,自主定向回复,4,1,44,True,False,True,False,False,True,False,True,False,13
534,20,1784856279,1784856279,2026-07-24,9,被点名/被回复,15,1,51,True,False,False,False,True,False,False,True,True,9
535,20,1784856300,1784856304,2026-07-24,9,被点名/被回复,12,2,19,True,True,True,False,True,True,False,True,True,24
536,20,1784856346,1784856346,2026-07-24,9,被点名/被回复,18,1,83,True,True,False,False,True,False,True,True,False,73
537,20,1784856511,1784856511,2026-07-24,9,连续对话,2,1,9,True,False,False,False,False,False,False,True,False,6
538,20,1784856584,1784856591,2026-07-24,9,连续对话,7,2,0,False,True,False,False,False,False,False,False,False,
539,20,1784856926,1784856960,2026-07-24,9,被点名/被回复,13,2,83,True,False,True,False,True,True,True,True,True,11
540,20,1784856973,1784856973,2026-07-24,9,被点名/被回复,2,1,8,True,True,False,False,True,False,False,True,False,3
541,20,1784856984,1784856984,2026-07-24,9,连续对话,8,1,15,True,True,False,True,False,False,False,True,True,27
542,20,1784857023,1784857025,2026-07-24,9,被点名/被回复,5,2,23,True,True,True,False,True,True,False,True,True,19
543,20,1784857094,1784857096,2026-07-24,9,被点名/被回复,2,2,78,True,True,True,False,True,True,False,True,False,33
544,20,1784857245,1784857249,2026-07-24,9,连续对话,4,2,0,False,True,False,False,False,False,False,True,True,53
545,20,1784857316,1784857316,2026-07-24,9,被点名/被回复,6,1,22,True,True,True,False,True,True,False,True,False,27
546,20,1784857441,1784857441,2026-07-24,9,自主定向回复,3,1,114,True,True,True,False,False,True,False,True,True,1
547,20,1784857528,1784857532,2026-07-24,9,被点名/被回复,21,3,111,True,True,True,False,True,True,True,True,False,16
548,20,1784857585,1784857585,2026-07-24,9,自主定向回复,17,1,36,True,False,True,False,False,True,False,True,True,11
549,20,1784857644,1784857647,2026-07-24,9,被点名/被回复,12,2,40,True,True,True,False,True,True,False,True,True,26
550,20,1784857686,1784857686,2026-07-24,9,被点名/被回复,8,1,22,True,True,True,False,True,True,False,True,True,10
551,20,1784857751,1784857753,2026-07-24,9,被点名/被回复,23,2,76,True,True,True,False,True,True,False,True,False,7
552,20,1784857790,1784857791,2026-07-24,9,自主定向回复,12,2,26,True,False,True,False,False,True,False,True,False,23
553,20,1784857831,1784857833,2026-07-24,9,自主定向回复,4,2,16,True,True,True,False,False,True,False,True,True,53
554,20,1784857949,1784857949,2026-07-24,9,被点名/被回复,8,1,28,True,False,True,False,True,True,False,True,False,48
555,20,1784858017,1784858017,2026-07-24,9,自主定向回复,20,1,27,True,False,True,False,False,True,False,True,False,107
556,20,1784858156,1784858156,2026-07-24,9,自主定向回复,15,1,27,True,True,True,False,False,True,False,True,False,83
557,20,1784858245,1784858248,2026-07-24,9,连续对话,6,2,0,False,True,False,False,False,False,False,True,False,61
558,20,1784858489,1784858489,2026-07-24,10,被点名/被回复,20,1,26,True,True,True,False,True,True,False,True,True,70
559,20,1784858573,1784858575,2026-07-24,10,被点名/被回复,14,2,34,True,True,True,False,True,True,False,True,False,54
560,20,1784858644,1784858644,2026-07-24,10,连续对话,15,1,29,True,False,False,False,False,False,False,True,True,108
561,20,1784858769,1784858769,2026-07-24,10,被点名/被回复,17,1,120,True,True,True,False,True,True,True,True,False,29
562,20,1784858891,1784858893,2026-07-24,10,自主定向回复,12,2,22,True,True,True,False,False,True,False,True,True,48
563,20,1784858975,1784858977,2026-07-24,10,被点名/被回复,3,2,21,True,True,True,False,True,True,False,True,False,16
564,20,1784859532,1784859532,2026-07-24,10,环境话题加入,15,1,61,True,False,False,False,False,False,True,True,False,79
565,20,1784860201,1784860201,2026-07-24,10,环境话题加入,0,1,0,False,True,False,False,False,False,False,True,False,6
566,20,1784860430,1784860430,2026-07-24,10,环境话题加入,3,1,0,False,True,False,False,False,False,False,True,False,6
567,20,1784860550,1784860550,2026-07-24,10,连续对话,3,1,0,False,True,False,False,False,False,False,False,False,
568,21,1784860953,1784860953,2026-07-24,10,环境话题加入,13,1,31,True,True,False,False,False,False,False,True,False,14
569,21,1784860980,1784860980,2026-07-24,10,连续对话,13,1,27,True,False,False,False,False,False,False,True,True,18
570,21,1784861009,1784861009,2026-07-24,10,被点名/被回复,11,1,16,True,True,False,False,True,False,False,True,True,3
571,21,1784861023,1784861023,2026-07-24,10,被点名/被回复,11,1,24,True,False,True,False,True,True,True,True,False,9
572,21,1784861094,1784861096,2026-07-24,10,自主定向回复,14,2,88,True,False,True,False,False,True,False,True,True,28
573,21,1784861133,1784861133,2026-07-24,10,被点名/被回复,5,1,28,True,False,True,False,True,True,False,True,True,22
574,21,1784861173,1784861173,2026-07-24,10,被点名/被回复,18,1,34,True,False,True,False,True,True,False,True,False,6
575,21,1784861184,1784861186,2026-07-24,10,连续对话,5,2,34,True,True,False,False,False,False,True,True,True,5
576,21,1784861204,1784861206,2026-07-24,10,被点名/被回复,13,2,24,True,True,False,False,True,False,False,True,False,33
577,21,1784861271,1784861271,2026-07-24,10,连续对话,32,1,11,True,True,False,False,False,False,True,True,False,15
578,21,1784861292,1784861292,2026-07-24,10,连续对话,3,1,0,False,True,False,False,False,False,False,True,False,9
579,21,1784861336,1784861336,2026-07-24,10,连续对话,6,1,0,False,True,False,False,False,False,False,True,False,7
580,21,1784861370,1784861370,2026-07-24,10,连续对话,2,1,23,True,True,False,False,False,False,False,True,False,6
581,21,1784861391,1784861391,2026-07-24,10,连续对话,2,1,57,True,False,False,False,False,False,False,True,False,6
582,21,1784861470,1784861470,2026-07-24,10,连续对话,1,1,95,True,False,False,False,False,False,False,True,True,13
583,21,1784861505,1784861505,2026-07-24,10,被点名/被回复,4,1,94,True,False,True,False,True,True,False,True,False,1
584,21,1784861507,1784861507,2026-07-24,10,连续对话,0,1,0,False,True,False,False,False,False,False,True,False,1
585,21,1784861762,1784861762,2026-07-24,10,自主定向回复,13,1,99,True,False,True,False,False,True,False,True,True,11
586,21,1784861806,1784861816,2026-07-24,10,被点名/被回复,13,2,20,True,True,False,False,True,False,False,True,False,9
587,21,1784861895,1784861901,2026-07-24,10,自主定向回复,19,3,52,True,True,True,False,False,True,False,True,False,25
588,21,1784861938,1784861938,2026-07-24,10,连续对话,6,1,30,True,True,False,False,False,False,False,True,True,12
589,21,1784861963,1784861963,2026-07-24,10,被点名/被回复,2,1,21,True,True,True,False,True,True,False,True,True,25
590,21,1784862053,1784862053,2026-07-24,11,被点名/被回复,4,1,31,True,False,True,False,True,True,False,True,False,9
591,21,1784862251,1784862254,2026-07-24,11,环境话题加入,1,3,56,True,True,False,False,False,False,False,True,False,0
592,21,1784862610,1784862610,2026-07-24,11,环境话题加入,13,1,28,True,True,False,False,False,False,False,True,False,8
593,21,1784862629,1784862629,2026-07-24,11,连续对话,4,1,20,True,True,False,False,False,False,False,True,False,5
594,21,1784862667,1784862669,2026-07-24,11,连续对话,3,2,41,True,True,False,False,False,False,False,True,True,20
595,21,1784862702,1784862702,2026-07-24,11,被点名/被回复,13,1,15,True,True,True,False,True,True,False,True,False,9
596,21,1784862727,1784862729,2026-07-24,11,自主定向回复,14,2,35,True,True,True,False,False,True,False,True,True,12
597,21,1784862827,1784862827,2026-07-24,11,被点名/被回复,7,1,20,True,False,True,False,True,True,False,True,False,1
598,21,1784862828,1784862828,2026-07-24,11,连续对话,0,1,0,False,True,False,False,False,False,False,True,False,3
599,21,1784863374,1784863374,2026-07-24,11,环境话题加入,15,1,25,True,False,False,False,False,False,False,True,False,1
600,21,1784863485,1784863485,2026-07-24,11,连续对话,2,1,9,True,False,False,False,False,False,False,True,False,6
601,21,1784863655,1784863655,2026-07-24,11,自主定向回复,17,1,43,True,True,True,False,False,True,False,True,True,19
602,21,1784863722,1784863722,2026-07-24,11,被点名/被回复,14,1,32,True,True,True,False,True,True,False,True,False,17
603,21,1784863892,1784863892,2026-07-24,11,自主定向回复,6,1,38,True,True,True,False,False,True,False,True,False,23
604,21,1784863926,1784863926,2026-07-24,11,自主定向回复,11,1,27,True,True,True,False,False,True,False,True,False,30
605,21,1784863966,1784863966,2026-07-24,11,自主定向回复,10,1,21,True,True,True,False,False,True,False,True,False,25
606,21,1784864035,1784864037,2026-07-24,11,自主定向回复,5,2,32,True,True,True,False,False,True,False,True,True,37
607,21,1784864076,1784864076,2026-07-24,11,被点名/被回复,2,1,7,True,False,True,False,True,True,False,True,False,15
608,21,1784864175,1784864177,2026-07-24,11,连续对话,1,2,0,False,True,False,False,False,False,False,True,False,50
609,21,1784864619,1784864621,2026-07-24,11,环境话题加入,6,2,0,False,True,False,False,False,False,False,True,False,18
610,21,1784864644,1784864646,2026-07-24,11,连续对话,5,2,0,False,True,False,False,False,False,False,True,False,16
611,21,1784864668,1784864668,2026-07-24,11,连续对话,3,1,0,False,True,False,False,False,False,False,True,False,2
612,21,1784864697,1784864697,2026-07-24,11,连续对话,4,1,0,False,True,False,False,False,False,False,True,False,3
613,21,1784864705,1784864705,2026-07-24,11,连续对话,5,1,0,False,True,False,False,False,False,False,True,True,6
614,21,1784864904,1784864908,2026-07-24,11,被点名/被回复,7,2,0,False,True,False,False,True,False,False,True,False,29
615,21,1784865105,1784865106,2026-07-24,11,环境话题加入,1,2,0,False,True,False,False,False,False,False,True,False,3
616,21,1784865517,1784865517,2026-07-24,11,环境话题加入,2,1,0,False,True,False,False,False,False,False,True,False,5
617,21,1784866523,1784866523,2026-07-24,12,环境话题加入,2,1,10,True,True,False,False,False,False,False,True,False,19
618,21,1784866577,1784866577,2026-07-24,12,连续对话,7,1,26,True,True,False,False,False,False,False,True,False,8
619,21,1784866590,1784866594,2026-07-24,12,连续对话,5,2,0,False,True,False,False,False,False,False,True,False,63
620,21,1784866659,1784866659,2026-07-24,12,连续对话,2,1,10,True,True,False,False,False,False,False,True,False,22
621,21,1784866681,1784866681,2026-07-24,12,连续对话,0,1,48,True,False,False,True,False,False,False,True,False,8
622,21,1784866691,1784866691,2026-07-24,12,连续对话,2,1,43,True,False,False,False,False,False,False,True,False,14
623,21,1784866706,1784866706,2026-07-24,12,连续对话,1,1,24,True,False,False,False,False,False,False,False,False,
624,21,1784866988,1784866988,2026-07-24,12,环境话题加入,14,1,10,True,True,False,False,False,False,False,True,False,25
625,21,1784867017,1784867017,2026-07-24,12,连续对话,4,1,10,True,True,False,False,False,False,False,True,False,40
626,21,1784867064,1784867067,2026-07-24,12,连续对话,4,2,0,False,True,False,False,False,False,False,True,False,65
627,21,1784867170,1784867170,2026-07-24,12,连续对话,0,1,14,True,False,False,True,False,False,False,True,False,13
628,21,1784867187,1784867187,2026-07-24,12,连续对话,4,1,0,False,True,False,False,False,False,False,True,False,12
629,21,1784867199,1784867199,2026-07-24,12,连续对话,0,1,45,True,False,False,False,False,False,False,True,False,11
630,21,1784867215,1784867215,2026-07-24,12,连续对话,0,1,24,True,False,False,True,False,False,False,True,False,7
631,21,1784867226,1784867226,2026-07-24,12,连续对话,1,1,24,True,False,False,True,False,False,False,True,False,10
632,21,1784867236,1784867236,2026-07-24,12,连续对话,0,1,48,True,False,False,True,False,False,False,True,False,5
633,21,1784867248,1784867248,2026-07-24,12,连续对话,7,1,0,False,True,False,False,False,False,False,True,False,2
634,21,1784867258,1784867258,2026-07-24,12,连续对话,1,1,24,True,False,False,False,False,False,False,True,False,12
635,21,1784867278,1784867280,2026-07-24,12,连续对话,0,2,0,False,True,False,False,False,False,False,True,False,0
636,21,1784867597,1784867597,2026-07-24,12,环境话题加入,1,1,42,True,True,False,False,False,False,False,True,False,0
637,21,1784867667,1784867669,2026-07-24,12,连续对话,13,2,33,True,True,False,False,False,False,False,True,False,0
638,21,1784868010,1784868010,2026-07-24,12,自主定向回复,16,1,21,True,False,True,False,False,True,False,True,False,2
639,21,1784868472,1784868472,2026-07-24,12,环境话题加入,5,1,0,False,True,False,False,False,False,False,True,False,3
640,21,1784868479,1784868479,2026-07-24,12,连续对话,4,1,0,False,True,False,False,False,False,False,True,False,24
641,21,1784868981,1784868981,2026-07-24,12,环境话题加入,1,1,33,True,False,False,False,False,False,False,True,False,1
642,21,1784869050,1784869050,2026-07-24,12,连续对话,1,1,60,True,False,False,False,False,False,False,True,False,3
643,21,1784869440,1784869440,2026-07-24,13,环境话题加入,2,1,6,True,False,False,False,False,False,False,True,False,22
644,21,1784869542,1784869542,2026-07-24,13,连续对话,0,1,6,True,False,False,False,False,False,False,True,False,21
645,21,1784869586,1784869586,2026-07-24,13,连续对话,2,1,6,True,False,False,False,False,False,False,True,False,0
646,21,1784869593,1784869593,2026-07-24,13,连续对话,1,1,0,False,True,False,False,False,False,False,True,False,1
647,21,1784869596,1784869596,2026-07-24,13,连续对话,2,2,6,True,True,False,False,False,False,False,True,False,76
648,21,1784870448,1784870449,2026-07-24,13,自主定向回复,1,2,69,True,False,True,False,False,True,False,True,False,17
649,21,1784870505,1784870505,2026-07-24,13,连续对话,2,1,0,False,True,False,False,False,False,False,True,False,19
650,21,1784870758,1784870758,2026-07-24,13,自主定向回复,36,1,119,True,True,True,False,False,True,False,True,False,64
651,21,1784870907,1784870907,2026-07-24,13,连续对话,5,1,0,False,True,False,False,False,False,False,True,False,82
652,21,1784871002,1784871002,2026-07-24,13,连续对话,13,1,31,True,True,False,False,False,False,False,False,False,
653,21,1784871301,1784871301,2026-07-24,13,被点名/被回复,14,1,23,True,True,True,False,True,True,False,True,False,12
654,21,1784871472,1784871472,2026-07-24,13,连续对话,4,1,0,False,True,False,False,False,False,False,True,False,26
655,21,1784871501,1784871501,2026-07-24,13,连续对话,3,1,0,False,True,False,False,False,False,False,True,False,14
656,21,1784871531,1784871536,2026-07-24,13,自主定向回复,8,2,23,True,True,True,False,False,True,False,True,False,37
657,21,1784871588,1784871599,2026-07-24,13,自主定向回复,15,5,84,True,True,True,False,False,True,True,True,True,38
658,21,1784871651,1784871653,2026-07-24,13,被点名/被回复,14,2,29,True,True,True,False,True,True,False,True,True,23
659,21,1784871690,1784871692,2026-07-24,13,被点名/被回复,14,2,38,True,True,True,False,True,True,False,True,False,19
660,21,1784871733,1784871733,2026-07-24,13,连续对话,5,1,0,False,True,False,False,False,False,False,True,False,9
661,21,1784871761,1784871763,2026-07-24,13,自主定向回复,13,2,40,True,True,True,False,False,True,False,True,False,18
662,21,1784871845,1784871845,2026-07-24,13,自主定向回复,14,1,49,True,True,True,False,False,True,False,True,False,6
663,21,1784871854,1784871854,2026-07-24,13,连续对话,3,1,0,False,True,False,False,False,False,False,True,False,0
664,21,1784871859,1784871882,2026-07-24,13,连续对话,5,2,8,True,True,False,False,False,False,False,True,True,10
665,21,1784871907,1784871907,2026-07-24,13,被点名/被回复,8,1,41,True,False,True,False,True,True,False,True,True,9
666,21,1784872114,1784872117,2026-07-24,13,被点名/被回复,5,2,0,False,True,False,False,True,False,False,True,False,15
667,21,1784872219,1784872220,2026-07-24,13,自主定向回复,87,2,66,True,False,True,False,False,True,False,True,False,27
668,21,1784872276,1784872278,2026-07-24,13,连续对话,5,2,0,False,True,False,False,False,False,False,True,True,2
669,21,1784872281,1784872284,2026-07-24,13,被点名/被回复,1,3,103,True,True,True,False,True,True,False,True,True,9
670,21,1784872347,1784872347,2026-07-24,13,被点名/被回复,3,1,0,False,True,False,False,True,False,False,True,True,92
671,21,1784872444,1784872444,2026-07-24,13,被点名/被回复,5,1,0,False,True,False,False,True,False,False,True,False,7
672,21,1784872471,1784872471,2026-07-24,13,连续对话,7,1,0,False,True,False,False,False,False,False,True,False,2
673,21,1784872475,1784872500,2026-07-24,13,连续对话,2,2,6,True,True,False,False,False,False,False,False,False,
674,21,1784872615,1784872624,2026-07-24,13,延迟上下文,142,2,19,True,True,False,False,False,False,True,True,False,88
675,21,1784872921,1784872925,2026-07-24,14,环境话题加入,5,2,0,False,True,False,False,False,False,False,False,False,
676,21,1784873124,1784873124,2026-07-24,14,自主定向回复,35,1,85,True,True,True,False,False,True,False,True,False,8
677,21,1784873261,1784873320,2026-07-24,14,被点名/被回复,2,2,376,True,False,True,False,True,True,True,True,True,52
678,21,1784873403,1784873413,2026-07-24,14,被点名/被回复,8,3,38,True,True,False,False,True,False,False,False,False,
679,21,1784873601,1784873601,2026-07-24,14,环境话题加入,3,1,0,False,True,False,False,False,False,False,True,False,1
680,21,1784873818,1784873820,2026-07-24,14,被点名/被回复,26,2,76,True,True,True,False,True,True,False,True,False,39
681,21,1784873908,1784873910,2026-07-24,14,连续对话,5,2,0,False,True,False,False,False,False,False,True,False,13
682,21,1784874231,1784874232,2026-07-24,14,环境话题加入,7,2,148,True,False,False,False,False,False,False,True,False,9
683,21,1784874246,1784874247,2026-07-24,14,连续对话,5,2,24,True,True,False,False,False,False,True,True,True,13
684,21,1784874351,1784874351,2026-07-24,14,被点名/被回复,2,1,49,True,False,False,False,True,False,False,True,False,14
685,21,1784874369,1784874369,2026-07-24,14,自主定向回复,4,1,56,True,False,True,False,False,True,False,True,True,4
686,21,1784874407,1784874407,2026-07-24,14,被点名/被回复,14,1,83,True,False,True,False,True,True,False,True,False,0
687,21,1784874511,1784874518,2026-07-24,14,连续对话,0,2,0,False,True,False,False,False,False,False,True,True,1
688,21,1784874532,1784874534,2026-07-24,14,被点名/被回复,13,2,119,True,False,True,False,True,True,False,True,False,21
689,21,1784874641,1784874641,2026-07-24,14,连续对话,5,1,38,True,False,False,False,False,False,False,True,False,14
690,21,1784874707,1784874707,2026-07-24,14,连续对话,2,1,12,True,True,False,False,False,False,False,True,False,5
691,21,1784875121,1784875122,2026-07-24,14,自主定向回复,0,2,68,True,False,True,False,False,True,False,True,False,51
692,21,1784875274,1784875278,2026-07-24,14,自主定向回复,18,2,28,True,True,True,False,False,True,False,True,False,2
693,21,1784875349,1784875349,2026-07-24,14,连续对话,3,1,0,False,True,False,False,False,False,False,True,False,24
694,21,1784875379,1784875379,2026-07-24,14,连续对话,4,1,0,False,True,False,False,False,False,False,True,False,1
695,21,1784875617,1784875617,2026-07-24,14,自主定向回复,2,1,24,True,False,True,False,False,True,False,True,False,0
696,21,1784875625,1784875635,2026-07-24,14,连续对话,3,3,27,True,True,False,False,False,False,True,True,False,1
697,21,1784875639,1784875639,2026-07-24,14,连续对话,1,1,0,False,True,False,False,False,False,False,True,False,9
698,21,1784875651,1784875651,2026-07-24,14,连续对话,3,1,0,False,True,False,False,False,False,False,True,False,28
699,21,1784875768,1784875768,2026-07-24,14,自主定向回复,3,1,5,True,True,True,True,False,True,False,True,False,5
700,21,1784875774,1784875776,2026-07-24,14,连续对话,1,2,13,True,True,False,False,False,False,False,True,True,23
701,21,1784875813,1784875813,2026-07-24,14,被点名/被回复,9,1,16,True,True,True,False,True,True,False,True,False,2
702,21,1784875845,1784875845,2026-07-24,14,连续对话,4,1,6,True,True,False,False,False,False,False,True,False,18
703,21,1784875986,1784875986,2026-07-24,14,连续对话,4,1,0,False,True,False,False,False,False,False,False,False,
704,21,1784876401,1784876401,2026-07-24,15,环境话题加入,3,1,7,True,False,False,False,False,False,False,True,False,1
705,21,1784876757,1784876757,2026-07-24,15,环境话题加入,7,1,12,True,False,False,False,False,False,False,True,True,12
706,21,1784876783,1784876783,2026-07-24,15,被点名/被回复,11,1,21,True,False,True,False,True,True,False,True,True,13
707,21,1784876864,1784876864,2026-07-24,15,被点名/被回复,1,1,23,True,False,True,False,True,True,False,True,False,1
708,21,1784876941,1784876941,2026-07-24,15,连续对话,5,1,0,False,True,False,False,False,False,False,True,False,13
709,21,1784876955,1784876955,2026-07-24,15,连续对话,1,1,3,True,False,False,True,False,False,False,True,False,1
710,21,1784877133,1784877133,2026-07-24,15,连续对话,2,1,16,True,True,False,False,False,False,False,True,False,1
711,21,1784877178,1784877178,2026-07-24,15,连续对话,2,1,16,True,False,False,False,False,False,False,True,False,5
712,21,1784877199,1784877201,2026-07-24,15,自主定向回复,1,2,29,True,True,True,False,False,True,False,True,False,2
713,21,1784877348,1784877348,2026-07-24,15,连续对话,1,1,4,True,False,False,False,False,False,False,True,False,24
714,21,1784877432,1784877445,2026-07-24,15,自主定向回复,2,2,41,True,False,True,False,False,True,False,True,False,13
715,21,1784877612,1784877612,2026-07-24,15,连续对话,12,1,0,False,True,False,False,False,False,False,True,True,9
716,21,1784877635,1784877635,2026-07-24,15,被点名/被回复,2,1,50,True,True,False,False,True,False,False,True,True,58
717,21,1784877702,1784877704,2026-07-24,15,被点名/被回复,1,2,0,False,True,False,False,True,False,False,True,False,1
718,21,1784877739,1784877739,2026-07-24,15,连续对话,2,1,3,True,False,False,False,False,False,False,True,True,9
719,21,1784877768,1784877768,2026-07-24,15,被点名/被回复,17,1,21,True,False,False,False,True,False,False,True,False,51
720,21,1784877821,1784877821,2026-07-24,15,连续对话,2,1,0,False,True,False,False,False,False,False,True,False,30
721,21,1784877858,1784877858,2026-07-24,15,连续对话,7,1,0,False,True,False,False,False,False,False,True,False,0
722,21,1784877862,1784877862,2026-07-24,15,连续对话,4,1,0,False,True,False,False,False,False,False,True,False,13
723,21,1784878031,1784878031,2026-07-24,15,连续对话,1,2,0,False,True,False,False,False,False,False,True,False,2
724,21,1784878035,1784878035,2026-07-24,15,连续对话,1,1,0,False,True,False,False,False,False,False,True,False,18
725,21,1784878074,1784878074,2026-07-24,15,连续对话,1,1,62,True,False,False,True,False,False,False,True,False,5
726,21,1784878083,1784878083,2026-07-24,15,连续对话,4,1,0,False,True,False,False,False,False,False,True,False,4
727,21,1784878090,1784878098,2026-07-24,15,连续对话,3,3,19,True,True,False,False,False,False,False,True,True,11
728,21,1784878122,1784878122,2026-07-24,15,被点名/被回复,10,1,23,True,True,True,False,True,True,False,True,False,30
729,21,1784878314,1784878314,2026-07-24,15,环境话题加入,3,1,16,True,False,False,False,False,False,False,True,False,1
730,21,1784878316,1784878316,2026-07-24,15,连续对话,1,1,0,False,True,False,False,False,False,False,True,True,4
731,21,1784878449,1784878449,2026-07-24,15,被点名/被回复,12,1,64,True,False,True,False,True,True,False,True,True,2
732,21,1784878470,1784878470,2026-07-24,15,被点名/被回复,5,1,0,False,True,False,False,True,False,False,True,False,1
733,21,1784878471,1784878472,2026-07-24,15,连续对话,0,2,28,True,False,False,False,False,False,False,True,False,8
734,21,1784878483,1784878483,2026-07-24,15,连续对话,3,1,0,False,True,False,False,False,False,False,True,False,20
735,21,1784878571,1784878572,2026-07-24,15,连续对话,12,2,24,True,True,False,False,False,False,True,True,False,2
736,21,1784878583,1784878583,2026-07-24,15,自主定向回复,1,1,52,True,False,True,True,False,True,False,True,False,11
737,21,1784878607,1784878607,2026-07-24,15,连续对话,13,1,8,True,False,False,False,False,False,False,True,True,1
738,21,1784878726,1784878726,2026-07-24,15,被点名/被回复,14,1,37,True,True,True,False,True,True,False,True,False,13
739,21,1784878752,1784878752,2026-07-24,15,自主定向回复,7,1,23,True,False,True,False,False,True,False,True,False,3
740,21,1784878775,1784878775,2026-07-24,15,连续对话,14,1,32,True,True,False,False,False,False,False,True,False,16
741,21,1784878873,1784878873,2026-07-24,15,连续对话,6,1,0,False,True,False,False,False,False,False,True,False,1
742,21,1784878875,1784878875,2026-07-24,15,连续对话,1,1,0,False,True,False,False,False,False,False,True,False,0
743,21,1784878894,1784878897,2026-07-24,15,自主定向回复,1,2,30,True,True,True,False,False,True,False,True,False,64
744,21,1784878978,1784878978,2026-07-24,15,连续对话,17,1,31,True,True,False,False,False,False,False,True,False,49
745,21,1784879038,1784879041,2026-07-24,15,连续对话,5,2,0,False,True,False,False,False,False,False,True,False,5
746,21,1784879066,1784879066,2026-07-24,15,自主定向回复,15,1,16,True,True,True,False,False,True,False,True,True,32
747,21,1784879120,1784879120,2026-07-24,15,被点名/被回复,22,1,34,True,False,False,False,True,False,False,True,True,45
748,21,1784879178,1784879180,2026-07-24,15,被点名/被回复,13,2,34,True,True,True,False,True,True,False,True,True,26
749,21,1784879248,1784879248,2026-07-24,15,被点名/被回复,3,1,63,True,False,True,False,True,True,False,True,True,16
750,21,1784879296,1784879296,2026-07-24,15,被点名/被回复,13,1,76,True,False,True,False,True,True,False,True,False,65
751,21,1784879388,1784879388,2026-07-24,15,自主定向回复,10,1,27,True,True,True,False,False,True,False,True,False,5
752,21,1784879481,1784879487,2026-07-24,15,连续对话,6,2,0,False,True,False,False,False,False,False,True,False,14
753,21,1784879594,1784879597,2026-07-24,15,连续对话,5,2,0,False,True,False,False,False,False,False,True,True,0
754,21,1784879617,1784879617,2026-07-24,15,被点名/被回复,3,1,27,True,True,True,False,True,True,False,True,True,7
755,21,1784879664,1784879664,2026-07-24,15,被点名/被回复,2,1,13,True,False,True,False,True,True,True,True,False,18
756,21,1784879727,1784879729,2026-07-24,15,连续对话,7,2,0,False,True,False,False,False,False,False,True,True,3
757,21,1784879763,1784879763,2026-07-24,15,被点名/被回复,1,1,13,True,False,True,False,True,True,True,True,False,20
758,21,1784879788,1784879788,2026-07-24,15,自主定向回复,5,1,115,True,False,True,False,False,True,False,True,False,10
759,21,1784879806,1784879806,2026-07-24,15,自主定向回复,1,1,134,True,False,True,False,False,True,False,True,False,3
760,21,1784879892,1784879892,2026-07-24,15,连续对话,0,1,31,True,False,False,False,False,False,False,True,False,5
761,21,1784879925,1784879925,2026-07-24,15,连续对话,0,1,16,True,False,False,False,False,False,False,True,False,3
762,21,1784880243,1784880251,2026-07-24,16,环境话题加入,7,2,0,False,True,False,False,False,False,False,True,False,6
763,21,1784880638,1784880638,2026-07-24,16,环境话题加入,6,1,0,False,True,False,False,False,False,False,True,False,2
764,21,1784880642,1784880642,2026-07-24,16,连续对话,2,1,0,False,True,False,False,False,False,False,True,False,4
765,21,1784880822,1784880822,2026-07-24,16,自主定向回复,13,1,23,True,False,True,False,False,True,False,True,False,8
766,21,1784881040,1784881040,2026-07-24,16,环境话题加入,2,1,35,True,False,False,False,False,False,False,True,False,6
767,21,1784881048,1784881051,2026-07-24,16,连续对话,2,2,38,True,True,False,False,False,False,True,True,False,10
768,21,1784881064,1784881064,2026-07-24,16,自主定向回复,3,1,2,True,False,True,False,False,True,False,True,False,9
769,21,1784881226,1784881228,2026-07-24,16,被点名/被回复,7,2,15,True,True,True,False,True,True,False,True,False,19
770,21,1784881251,1784881251,2026-07-24,16,连续对话,4,1,0,False,True,False,False,False,False,False,True,True,17
771,21,1784881375,1784881375,2026-07-24,16,被点名/被回复,4,1,67,True,True,True,False,True,True,True,True,False,2
772,21,1784881525,1784881527,2026-07-24,16,被点名/被回复,14,2,17,True,True,True,False,True,True,False,True,False,2
773,21,1784881532,1784881532,2026-07-24,16,连续对话,3,1,0,False,True,False,False,False,False,False,True,True,18
774,21,1784881566,1784881566,2026-07-24,16,被点名/被回复,16,1,34,True,False,True,False,True,True,False,True,True,16
775,21,1784881597,1784881597,2026-07-24,16,被点名/被回复,15,1,34,True,True,True,False,True,True,False,True,True,18
776,21,1784881675,1784881676,2026-07-24,16,被点名/被回复,2,2,53,True,True,True,False,True,True,False,True,False,1
777,21,1784881691,1784881691,2026-07-24,16,连续对话,4,1,0,False,True,False,False,False,False,False,True,False,10
778,21,1784881848,1784881848,2026-07-24,16,连续对话,1,1,26,True,True,False,True,False,False,False,True,False,19
779,21,1784881992,1784881992,2026-07-24,16,连续对话,7,1,25,True,False,False,False,False,False,False,True,True,7
780,21,1784882047,1784882047,2026-07-24,16,被点名/被回复,14,1,33,True,True,True,False,True,True,False,True,False,2
781,21,1784882331,1784882331,2026-07-24,16,被点名/被回复,2,1,9,True,True,False,False,True,False,False,True,True,1
782,21,1784882353,1784882353,2026-07-24,16,被点名/被回复,2,1,0,False,True,False,False,True,False,False,True,False,2
783,21,1784882638,1784882640,2026-07-24,16,自主定向回复,0,2,57,True,False,True,False,False,True,False,True,False,3
784,21,1784883318,1784883318,2026-07-24,16,自主定向回复,7,1,38,True,True,True,False,False,True,False,True,False,3
785,21,1784883428,1784883428,2026-07-24,16,连续对话,0,1,53,True,True,False,False,False,False,False,True,True,3
786,21,1784883659,1784883659,2026-07-24,17,被点名/被回复,4,1,52,True,True,False,False,True,False,False,True,False,17
787,21,1784883838,1784883841,2026-07-24,17,连续对话,10,2,0,False,True,False,False,False,False,False,True,False,11
788,21,1784884083,1784884083,2026-07-24,17,环境话题加入,5,1,14,True,False,False,False,False,False,False,True,False,0
789,21,1784884085,1784884085,2026-07-24,17,连续对话,2,1,0,False,True,False,False,False,False,False,True,False,7
790,21,1784884097,1784884097,2026-07-24,17,连续对话,2,1,0,False,True,False,False,False,False,False,True,True,2
791,21,1784884161,1784884163,2026-07-24,17,被点名/被回复,3,2,36,True,True,True,False,True,True,False,True,False,4
792,21,1784884339,1784884339,2026-07-24,17,连续对话,2,1,0,False,True,False,False,False,False,False,True,False,7
793,21,1784884373,1784884373,2026-07-24,17,连续对话,16,1,84,True,True,False,False,False,False,False,True,True,1
794,21,1784884439,1784884439,2026-07-24,17,被点名/被回复,5,1,0,False,True,False,False,True,False,False,True,True,3
795,21,1784884457,1784884457,2026-07-24,17,被点名/被回复,4,1,0,False,True,False,False,True,False,False,True,False,0
796,21,1784884649,1784884649,2026-07-24,17,环境话题加入,3,1,28,True,False,False,False,False,False,False,True,False,4
797,21,1784884756,1784884756,2026-07-24,17,连续对话,5,1,32,True,True,False,False,False,False,False,True,False,17
798,21,1784884810,1784884810,2026-07-24,17,连续对话,3,1,0,False,True,False,False,False,False,False,True,False,43
799,21,1784884857,1784884858,2026-07-24,17,连续对话,1,2,6,True,True,False,False,False,False,False,True,True,2
800,21,1784884950,1784884950,2026-07-24,17,被点名/被回复,1,1,0,False,True,False,False,True,False,False,True,False,14
801,21,1784884973,1784884973,2026-07-24,17,连续对话,1,1,0,False,True,False,False,False,False,False,True,False,6
802,21,1784884984,1784884984,2026-07-24,17,连续对话,5,1,15,True,True,False,False,False,False,False,True,False,7
803,21,1784885022,1784885026,2026-07-24,17,连续对话,5,2,0,False,True,False,False,False,False,False,True,False,22
804,21,1784885074,1784885074,2026-07-24,17,连续对话,3,1,0,False,True,False,False,False,False,False,True,True,26
805,21,1784885102,1784885102,2026-07-24,17,被点名/被回复,2,1,13,True,False,True,False,True,True,True,True,True,1
806,21,1784885125,1784885127,2026-07-24,17,被点名/被回复,9,2,18,True,True,True,False,True,True,False,True,True,3
807,21,1784885152,1784885152,2026-07-24,17,被点名/被回复,14,1,21,True,False,True,False,True,True,False,True,True,13
808,21,1784885180,1784885188,2026-07-24,17,被点名/被回复,10,2,175,True,True,True,False,True,True,False,True,False,2
809,21,1784885205,1784885207,2026-07-24,17,自主定向回复,11,2,39,True,True,True,False,False,True,False,True,True,2
810,21,1784885225,1784885225,2026-07-24,17,被点名/被回复,16,1,27,True,False,True,False,True,True,False,True,True,4
811,21,1784885244,1784885244,2026-07-24,17,被点名/被回复,3,2,44,True,False,True,False,True,True,False,True,False,2
812,21,1784885352,1784885354,2026-07-24,17,自主定向回复,1,2,46,True,True,True,False,False,True,False,True,False,13
813,21,1784885406,1784885407,2026-07-24,17,自主定向回复,6,2,51,True,False,True,False,False,True,False,True,True,1
814,21,1784885492,1784885505,2026-07-24,17,被点名/被回复,13,3,49,True,True,True,False,True,True,True,True,True,5
815,21,1784885511,1784885522,2026-07-24,17,被点名/被回复,1,2,21,True,True,False,False,True,False,False,True,False,9
816,21,1784885565,1784885565,2026-07-24,17,自主定向回复,2,1,3,True,False,True,False,False,True,False,True,True,11
817,21,1784885614,1784885614,2026-07-24,17,被点名/被回复,16,1,20,True,False,True,False,True,True,False,True,False,7
818,21,1784885856,1784885856,2026-07-24,17,环境话题加入,69,1,9,True,True,False,False,False,False,False,True,False,0
819,21,1784886042,1784886042,2026-07-24,17,自主定向回复,7,1,13,True,True,True,False,False,True,False,True,False,2
820,21,1784886047,1784886047,2026-07-24,17,连续对话,3,1,0,False,True,False,False,False,False,False,True,True,2
821,21,1784886082,1784886082,2026-07-24,17,被点名/被回复,9,1,26,True,True,True,False,True,True,False,True,True,5
822,21,1784886154,1784886158,2026-07-24,17,被点名/被回复,5,3,19,True,True,False,False,True,False,False,True,False,6
823,21,1784886228,1784886228,2026-07-24,17,连续对话,4,1,0,False,True,False,False,False,False,False,True,False,9
824,21,1784886239,1784886239,2026-07-24,17,连续对话,2,1,4,True,True,False,True,False,False,False,True,False,6
825,21,1784886248,1784886261,2026-07-24,17,连续对话,3,3,30,True,True,False,True,False,False,False,True,True,5
826,21,1784886314,1784886321,2026-07-24,17,被点名/被回复,2,2,98,True,False,False,False,True,False,False,True,False,3
827,21,1784886381,1784886381,2026-07-24,17,连续对话,2,1,6,True,False,False,False,False,False,False,True,False,11
828,21,1784886504,1784886504,2026-07-24,17,连续对话,1,1,0,False,True,False,False,False,False,False,True,False,0
829,21,1784886506,1784886506,2026-07-24,17,连续对话,2,1,0,False,True,False,False,False,False,False,True,False,1
830,21,1784886524,1784886526,2026-07-24,17,自主定向回复,4,2,53,True,True,True,False,False,True,False,True,False,0
831,21,1784886547,1784886568,2026-07-24,17,连续对话,0,3,229,True,True,False,True,False,False,False,True,False,32
832,21,1784886703,1784886703,2026-07-24,17,自主定向回复,37,1,13,True,False,True,False,False,True,False,True,False,0
833,21,1784886705,1784886709,2026-07-24,17,连续对话,2,2,54,True,True,False,True,False,False,False,True,False,18
834,21,1784886841,1784886841,2026-07-24,17,连续对话,1,1,59,True,False,False,False,False,False,False,True,False,24
835,21,1784886911,1784886920,2026-07-24,17,自主定向回复,1,3,28,True,True,True,True,False,True,False,True,True,19
836,21,1784886951,1784886959,2026-07-24,17,被点名/被回复,4,2,8,True,True,False,True,True,False,False,True,True,4
837,21,1784886993,1784886993,2026-07-24,17,被点名/被回复,4,1,27,True,False,True,False,True,True,False,True,False,2
838,21,1784886995,1784886995,2026-07-24,17,连续对话,0,1,0,False,True,False,False,False,False,False,True,False,6
839,21,1784887010,1784887010,2026-07-24,17,连续对话,9,1,0,False,True,False,False,False,False,False,True,True,3
840,21,1784887017,1784887017,2026-07-24,17,被点名/被回复,4,1,8,True,True,False,True,True,False,False,True,False,4
841,21,1784887029,1784887031,2026-07-24,17,自主定向回复,3,3,24,True,True,True,False,False,True,False,True,False,5
842,21,1784887036,1784887040,2026-07-24,17,连续对话,0,2,8,True,True,False,True,False,False,False,True,False,15
843,21,1784887061,1784887061,2026-07-24,17,连续对话,5,1,0,False,True,False,False,False,False,False,True,False,3
844,21,1784887069,1784887069,2026-07-24,17,连续对话,5,1,8,True,True,False,True,False,False,False,True,False,3
845,21,1784887092,1784887098,2026-07-24,17,连续对话,5,2,8,True,True,False,True,False,False,False,True,False,18
846,21,1784887182,1784887190,2026-07-24,17,自主定向回复,0,3,104,True,True,True,True,False,True,False,True,False,8
847,21,1784887202,1784887202,2026-07-24,18,连续对话,3,1,0,False,True,False,False,False,False,False,True,False,2
848,21,1784887210,1784887210,2026-07-24,18,连续对话,6,1,8,True,True,False,True,False,False,False,True,False,45
849,21,1784887287,1784887287,2026-07-24,18,自主定向回复,3,1,43,True,True,True,False,False,True,False,True,False,3
850,21,1784887296,1784887296,2026-07-24,18,连续对话,6,1,0,False,True,False,False,False,False,False,True,False,5
851,21,1784887303,1784887303,2026-07-24,18,连续对话,2,1,8,True,True,False,True,False,False,False,True,False,3
852,21,1784887324,1784887324,2026-07-24,18,连续对话,1,1,0,False,True,False,False,False,False,False,True,True,54
853,21,1784887400,1784887400,2026-07-24,18,被点名/被回复,4,1,0,False,True,False,False,True,False,False,True,False,1
854,21,1784887409,1784887409,2026-07-24,18,连续对话,8,1,39,True,True,False,True,False,False,False,True,False,0
855,21,1784887410,1784887422,2026-07-24,18,连续对话,1,3,0,False,True,False,False,False,False,False,True,False,4
856,21,1784887442,1784887442,2026-07-24,18,自主定向回复,16,1,28,True,True,True,False,False,True,False,True,True,18
857,21,1784887535,1784887535,2026-07-24,18,被点名/被回复,0,1,13,True,False,True,False,True,True,True,True,False,6
858,21,1784887564,1784887565,2026-07-24,18,连续对话,23,2,24,True,True,False,False,False,False,True,True,True,2
859,21,1784887602,1784887602,2026-07-24,18,被点名/被回复,1,1,27,True,True,True,False,True,True,False,True,False,4
860,21,1784887635,1784887647,2026-07-24,18,自主定向回复,1,3,16,True,True,True,False,False,True,True,True,False,1
861,21,1784887650,1784887650,2026-07-24,18,连续对话,2,1,71,True,True,False,False,False,False,False,True,True,7
862,21,1784887668,1784887674,2026-07-24,18,被点名/被回复,3,2,71,True,True,False,True,True,False,False,True,True,3
863,21,1784887683,1784887683,2026-07-24,18,被点名/被回复,1,1,194,True,False,True,False,True,True,False,True,False,9
864,21,1784887873,1784887877,2026-07-24,18,环境话题加入,5,2,84,True,True,False,False,False,False,False,True,False,0
865,21,1784887912,1784887912,2026-07-24,18,连续对话,3,1,9,True,True,False,False,False,False,True,True,True,5
866,21,1784887936,1784887951,2026-07-24,18,被点名/被回复,8,3,20,True,True,True,True,True,True,False,True,True,3
867,21,1784887977,1784887978,2026-07-24,18,被点名/被回复,4,2,0,False,True,False,False,True,False,False,True,False,4
868,21,1784888348,1784888350,2026-07-24,18,环境话题加入,5,2,0,False,True,False,False,False,False,False,True,False,3
869,21,1784888401,1784888401,2026-07-24,18,连续对话,5,1,0,False,True,False,False,False,False,False,True,False,3
870,21,1784888467,1784888467,2026-07-24,18,连续对话,10,1,0,False,True,False,False,False,False,False,True,False,3
871,21,1784888477,1784888477,2026-07-24,18,连续对话,3,1,13,True,True,False,True,False,False,False,True,False,13
872,21,1784888686,1784888691,2026-07-24,18,环境话题加入,4,3,25,True,True,False,False,False,False,False,True,False,0
873,21,1784888835,1784888837,2026-07-24,18,连续对话,3,2,0,False,True,False,False,False,False,False,True,False,5
874,21,1784888913,1784888913,2026-07-24,18,连续对话,4,1,0,False,True,False,False,False,False,False,True,False,2
875,21,1784888918,1784888918,2026-07-24,18,连续对话,3,1,0,False,True,False,False,False,False,False,True,False,89
876,21,1784889043,1784889043,2026-07-24,18,连续对话,15,1,30,True,True,False,False,False,False,False,True,False,11
877,21,1784889454,1784889455,2026-07-24,18,环境话题加入,5,2,0,False,True,False,False,False,False,False,True,False,18
878,21,1784889711,1784889725,2026-07-24,18,环境话题加入,9,2,4,True,True,False,True,False,False,False,True,False,103
879,21,1784889842,1784889853,2026-07-24,18,连续对话,14,2,10,True,True,False,True,False,False,False,True,False,43
880,21,1784889912,1784889924,2026-07-24,18,连续对话,6,2,5,True,True,False,True,False,False,False,True,True,5
881,21,1784891178,1784891189,2026-07-24,19,环境话题加入,8,2,8,True,True,False,True,False,False,False,True,False,16
882,21,1784891233,1784891244,2026-07-24,19,连续对话,8,2,5,True,True,False,True,False,False,False,True,False,10
883,21,1784891279,1784891279,2026-07-24,19,连续对话,0,1,0,False,True,False,False,False,False,False,True,False,1
884,21,1784891290,1784891290,2026-07-24,19,连续对话,5,2,13,True,True,False,True,False,False,False,True,False,5
885,21,1784891301,1784891301,2026-07-24,19,连续对话,6,1,6,True,True,False,True,False,False,False,True,False,6
886,21,1784891311,1784891311,2026-07-24,19,连续对话,1,1,0,False,True,False,False,False,False,False,True,True,1
887,21,1784891322,1784891322,2026-07-24,19,被点名/被回复,10,1,8,True,True,False,True,True,False,False,True,False,19
888,21,1784891602,1784891602,2026-07-24,19,环境话题加入,2,1,59,True,False,False,False,False,False,False,True,False,5
889,21,1784891782,1784891782,2026-07-24,19,连续对话,4,1,0,False,True,False,False,False,False,False,True,False,4
890,21,1784891792,1784891792,2026-07-24,19,连续对话,6,1,8,True,True,False,True,False,False,False,True,False,6
891,21,1784891845,1784891845,2026-07-24,19,连续对话,4,1,0,False,True,False,False,False,False,False,True,False,1
892,21,1784891856,1784891856,2026-07-24,19,连续对话,1,1,8,True,True,False,True,False,False,False,True,False,34
893,21,1784892045,1784892045,2026-07-24,19,环境话题加入,1,1,58,True,True,False,False,False,False,False,True,False,5
894,21,1784892060,1784892060,2026-07-24,19,连续对话,10,1,0,False,True,False,False,False,False,False,True,False,9
895,21,1784892070,1784892070,2026-07-24,19,连续对话,0,1,8,True,True,False,True,False,False,False,True,False,6
896,21,1784892096,1784892096,2026-07-24,19,连续对话,1,1,0,False,True,False,False,False,False,False,True,False,6
897,21,1784892107,1784892107,2026-07-24,19,连续对话,5,1,0,False,True,False,False,False,False,False,True,False,3
898,21,1784892194,1784892197,2026-07-24,19,连续对话,8,2,0,False,True,False,False,False,False,False,True,False,1
899,21,1784892326,1784892326,2026-07-24,19,连续对话,6,2,0,False,True,False,False,False,False,False,True,False,7
900,21,1784892570,1784892573,2026-07-24,19,环境话题加入,4,2,85,True,True,False,False,False,False,False,True,False,18
901,21,1784892644,1784892644,2026-07-24,19,连续对话,4,1,0,False,True,False,False,False,False,False,True,False,49
902,21,1784892870,1784892881,2026-07-24,19,自主定向回复,6,3,25,True,True,True,False,False,True,False,True,False,2
903,21,1784893176,1784893176,2026-07-24,19,自主定向回复,22,1,0,False,True,True,False,False,True,False,True,False,62
904,21,1784893239,1784893239,2026-07-24,19,连续对话,1,1,0,False,True,False,False,False,False,False,True,False,16
905,21,1784893336,1784893336,2026-07-24,19,连续对话,1,1,5,True,False,False,False,False,False,False,True,False,7
906,21,1784893758,1784893758,2026-07-24,19,环境话题加入,4,1,29,True,True,False,False,False,False,False,True,False,18
907,21,1784893781,1784893781,2026-07-24,19,连续对话,5,1,0,False,True,False,False,False,False,False,True,False,32
908,21,1784893817,1784893817,2026-07-24,19,连续对话,4,1,0,False,True,False,False,False,False,False,True,True,6
909,21,1784894006,1784894007,2026-07-24,19,被点名/被回复,6,2,38,True,False,True,False,True,True,False,True,False,18
910,21,1784894115,1784894115,2026-07-24,19,连续对话,1,1,28,True,False,False,False,False,False,False,True,False,1
911,21,1784894126,1784894126,2026-07-24,19,连续对话,3,1,32,True,False,False,False,False,False,False,True,False,3
912,21,1784894194,1784894194,2026-07-24,19,连续对话,8,1,31,True,False,False,False,False,False,False,True,False,2
913,21,1784894265,1784894265,2026-07-24,19,连续对话,0,1,42,True,False,False,True,False,False,False,True,False,2
914,21,1784894466,1784894466,2026-07-24,20,环境话题加入,1,1,0,False,True,False,False,False,False,False,True,True,4
915,21,1784894477,1784894477,2026-07-24,20,被点名/被回复,2,1,6,True,False,False,False,True,False,False,True,False,0
916,21,1784894536,1784894536,2026-07-24,20,连续对话,14,1,24,True,False,False,False,False,False,True,True,False,0
917,21,1784894539,1784894562,2026-07-24,20,连续对话,3,2,10,True,True,False,False,False,False,True,True,False,16
918,21,1784894589,1784894589,2026-07-24,20,连续对话,9,1,8,True,True,False,False,False,False,False,True,False,3
919,21,1784894621,1784894621,2026-07-24,20,连续对话,2,1,0,False,True,False,False,False,False,False,True,False,0
920,21,1784894624,1784894628,2026-07-24,20,连续对话,0,2,26,True,True,False,True,False,False,False,True,False,1
921,21,1784894698,1784894698,2026-07-24,20,连续对话,3,1,8,True,False,False,False,False,False,False,True,False,4
922,21,1784895040,1784895042,2026-07-24,20,被点名/被回复,9,2,28,True,True,False,False,True,False,False,True,False,2
923,21,1784895046,1784895047,2026-07-24,20,连续对话,2,2,23,True,True,False,False,False,False,False,True,False,2
924,21,1784895160,1784895160,2026-07-24,20,连续对话,3,1,50,True,False,False,True,False,False,False,True,False,18
925,21,1784895289,1784895289,2026-07-24,20,连续对话,5,1,0,False,True,False,False,False,False,False,True,False,2
926,21,1784895430,1784895430,2026-07-24,20,连续对话,1,1,0,False,True,False,False,False,False,False,True,False,5
927,21,1784895450,1784895450,2026-07-24,20,连续对话,7,1,31,True,True,False,False,False,False,False,True,True,17
928,21,1784895586,1784895586,2026-07-24,20,被点名/被回复,119,1,8,True,False,False,False,True,False,False,True,False,11
929,21,1784895598,1784895612,2026-07-24,20,自主定向回复,1,2,33,True,False,True,False,False,True,False,True,False,33
930,21,1784895655,1784895655,2026-07-24,20,连续对话,1,1,58,True,True,False,False,False,False,False,True,False,10
931,21,1784895671,1784895671,2026-07-24,20,连续对话,6,1,31,True,True,False,False,False,False,False,False,False,
932,21,1784895812,1784895819,2026-07-24,20,连续对话,1,3,31,True,True,False,False,False,False,False,False,False,
933,21,1784896432,1784896432,2026-07-24,20,环境话题加入,8,1,9,True,False,False,True,False,False,False,True,False,6
934,21,1784896439,1784896443,2026-07-24,20,连续对话,1,3,16,True,True,False,False,False,False,False,True,True,10
935,21,1784896474,1784896475,2026-07-24,20,被点名/被回复,2,2,25,True,False,True,False,True,True,False,True,False,1
936,21,1784896528,1784896563,2026-07-24,20,自主定向回复,38,3,52,True,True,True,False,False,True,False,True,True,18
937,21,1784896695,1784896695,2026-07-24,20,被点名/被回复,6,1,31,True,False,True,False,True,True,False,True,True,17
938,21,1784896735,1784896735,2026-07-24,20,被点名/被回复,14,1,15,True,False,False,False,True,False,False,True,False,24
939,21,1784896804,1784896806,2026-07-24,20,连续对话,1,2,46,True,True,False,False,False,False,False,True,True,34
940,21,1784896900,1784896900,2026-07-24,20,被点名/被回复,8,1,23,True,False,True,False,True,True,False,True,False,21
941,21,1784896923,1784896923,2026-07-24,20,连续对话,2,1,0,False,True,False,False,False,False,False,True,False,4
942,21,1784896936,1784896945,2026-07-24,20,连续对话,9,3,27,True,True,False,True,False,False,False,True,True,19
943,21,1784896978,1784896978,2026-07-24,20,被点名/被回复,10,1,18,True,True,False,False,True,False,False,True,False,0
944,21,1784896984,1784896984,2026-07-24,20,连续对话,6,1,0,False,True,False,False,False,False,False,True,False,84
945,21,1784897097,1784897097,2026-07-24,20,自主定向回复,5,1,22,True,True,True,False,False,True,False,True,False,42
946,21,1784897151,1784897159,2026-07-24,20,连续对话,0,3,4,True,True,False,True,False,False,False,True,False,7
947,21,1784897171,1784897171,2026-07-24,20,连续对话,5,1,0,False,True,False,False,False,False,False,True,False,14
948,21,1784897190,1784897190,2026-07-24,20,连续对话,4,1,0,False,True,False,False,False,False,False,True,False,51
949,21,1784897254,1784897260,2026-07-24,20,连续对话,13,2,0,False,True,False,False,False,False,False,True,False,15
950,21,1784897282,1784897290,2026-07-24,20,连续对话,4,2,50,True,True,False,False,False,False,False,True,False,1
951,21,1784897292,1784897308,2026-07-24,20,连续对话,1,3,45,True,True,False,False,False,False,False,True,True,9
952,21,1784897319,1784897321,2026-07-24,20,被点名/被回复,2,2,32,True,True,False,False,True,False,True,True,False,4
953,21,1784897328,1784897328,2026-07-24,20,自主定向回复,3,1,20,True,True,True,False,False,True,False,True,False,6
954,21,1784897336,1784897336,2026-07-24,20,连续对话,2,1,9,True,True,False,False,False,False,False,True,False,2
955,21,1784897340,1784897340,2026-07-24,20,连续对话,2,1,0,False,True,False,False,False,False,False,True,False,2
956,21,1784897344,1784897353,2026-07-24,20,连续对话,2,3,37,True,True,False,True,False,False,False,True,False,1
957,21,1784897393,1784897393,2026-07-24,20,连续对话,4,1,0,False,True,False,False,False,False,False,True,True,18
958,21,1784897454,1784897482,2026-07-24,20,被点名/被回复,17,5,83,True,True,True,False,True,True,True,True,True,9
959,21,1784897497,1784897502,2026-07-24,20,被点名/被回复,4,2,18,True,True,False,False,True,False,False,True,False,1
960,21,1784897507,1784897507,2026-07-24,20,自主定向回复,4,2,21,True,True,True,False,False,True,False,True,True,1
961,21,1784897522,1784897524,2026-07-24,20,被点名/被回复,6,2,0,False,True,False,False,True,False,False,True,False,8
962,21,1784897547,1784897551,2026-07-24,20,自主定向回复,3,3,49,True,True,True,False,False,True,False,True,False,6
963,21,1784897570,1784897572,2026-07-24,20,连续对话,4,2,32,True,True,False,False,False,False,False,False,False,
964,21,1784897840,1784897842,2026-07-24,20,自主定向回复,2,2,40,True,True,True,False,False,True,False,True,False,20
965,21,1784897891,1784897891,2026-07-24,20,连续对话,29,1,9,True,True,False,False,False,False,False,True,True,6
966,21,1784897940,1784897945,2026-07-24,20,被点名/被回复,2,2,26,True,True,True,False,True,True,False,True,False,5
967,21,1784897966,1784897966,2026-07-24,20,连续对话,14,1,30,True,False,False,False,False,False,False,True,True,7
968,21,1784897986,1784897986,2026-07-24,20,被点名/被回复,13,1,16,True,True,True,False,True,True,False,True,True,50
969,21,1784898051,1784898051,2026-07-24,21,被点名/被回复,15,1,16,True,True,True,False,True,True,False,True,False,69
970,21,1784898207,1784898207,2026-07-24,21,被点名/被回复,17,1,20,True,True,False,False,True,False,False,True,True,37
971,21,1784898259,1784898259,2026-07-24,21,被点名/被回复,15,1,13,True,True,True,False,True,True,False,True,True,31
972,21,1784898304,1784898304,2026-07-24,21,被点名/被回复,6,1,31,True,True,True,False,True,True,False,False,False,
973,21,1784898452,1784898452,2026-07-24,21,连续对话,1,1,0,False,True,False,False,False,False,False,True,False,1
974,21,1784898457,1784898457,2026-07-24,21,连续对话,2,1,0,False,True,False,False,False,False,False,True,False,0
975,21,1784898472,1784898472,2026-07-24,21,自主定向回复,8,1,21,True,False,True,False,False,True,False,True,True,1
976,21,1784898474,1784898474,2026-07-24,21,被点名/被回复,1,1,25,True,False,True,False,True,True,False,True,False,3
977,21,1784898488,1784898488,2026-07-24,21,自主定向回复,3,1,13,True,False,True,False,False,True,True,True,False,9
978,21,1784898505,1784898505,2026-07-24,21,自主定向回复,0,1,124,True,False,True,False,False,True,False,True,True,17
979,21,1784898523,1784898523,2026-07-24,21,被点名/被回复,1,1,17,True,True,True,False,True,True,False,True,True,8
980,21,1784898544,1784898544,2026-07-24,21,被点名/被回复,13,1,59,True,False,True,False,True,True,False,True,False,28
981,21,1784898583,1784898583,2026-07-24,21,自主定向回复,11,1,226,True,False,True,False,False,True,False,True,False,31
982,21,1784898621,1784898621,2026-07-24,21,连续对话,7,1,23,True,True,False,False,False,False,False,True,False,4
983,21,1784898629,1784898629,2026-07-24,21,连续对话,4,1,0,False,True,False,False,False,False,False,True,True,19
984,21,1784898662,1784898675,2026-07-24,21,被点名/被回复,4,4,87,True,True,True,False,True,True,False,True,True,15
985,21,1784898695,1784898695,2026-07-24,21,被点名/被回复,4,1,0,False,True,False,False,True,False,False,True,False,3
986,21,1784898710,1784898710,2026-07-24,21,自主定向回复,12,1,37,True,True,True,False,False,True,False,True,True,14
987,21,1784898738,1784898740,2026-07-24,21,被点名/被回复,14,2,25,True,True,True,False,True,True,False,True,True,18
988,21,1784898773,1784898795,2026-07-24,21,被点名/被回复,1,4,37,True,True,True,False,True,True,False,True,True,12
989,21,1784898821,1784898821,2026-07-24,21,被点名/被回复,5,1,25,True,True,True,False,True,True,False,True,False,34
990,21,1784898860,1784898863,2026-07-24,21,连续对话,5,2,0,False,True,False,False,False,False,False,True,True,37
991,21,1784898914,1784898916,2026-07-24,21,被点名/被回复,13,2,93,True,False,True,False,True,True,False,True,False,16
992,21,1784898943,1784898950,2026-07-24,21,自主定向回复,3,3,29,True,True,True,True,False,True,False,True,False,56
993,21,1784899426,1784899426,2026-07-24,21,自主定向回复,19,1,30,True,False,True,False,False,True,False,True,False,18
994,21,1784899681,1784899683,2026-07-24,21,被点名/被回复,16,2,34,True,True,True,False,True,True,False,True,False,28
995,21,1784899742,1784899742,2026-07-24,21,自主定向回复,18,1,51,True,True,True,False,False,True,False,True,False,8
996,21,1784899790,1784899796,2026-07-24,21,连续对话,4,2,0,False,True,False,False,False,False,False,True,False,7
997,21,1784899913,1784899913,2026-07-24,21,连续对话,1,1,9,True,True,False,False,False,False,False,True,False,15
998,21,1784899929,1784899929,2026-07-24,21,连续对话,0,1,13,True,True,False,False,False,False,False,True,True,25
999,21,1784899973,1784899973,2026-07-24,21,被点名/被回复,19,1,25,True,True,False,False,True,False,False,True,False,20
1000,21,1784900207,1784900209,2026-07-24,21,被点名/被回复,7,2,12,True,True,False,False,True,False,False,True,True,17
1001,21,1784900339,1784900339,2026-07-24,21,被点名/被回复,1,1,57,True,False,False,False,True,False,False,True,False,16
1002,21,1784900483,1784900483,2026-07-24,21,连续对话,3,1,28,True,False,False,False,False,False,False,True,False,1
1003,21,1784901095,1784901095,2026-07-24,21,环境话题加入,4,1,0,False,True,False,False,False,False,False,True,False,6
1004,21,1784901105,1784901105,2026-07-24,21,连续对话,4,1,0,False,True,False,False,False,False,False,True,False,16
1005,21,1784901178,1784901178,2026-07-24,21,连续对话,6,1,17,True,False,False,False,False,False,False,True,False,7
1006,21,1784901319,1784901324,2026-07-24,21,被点名/被回复,3,2,0,False,True,False,False,True,False,False,True,True,2
1007,21,1784901426,1784901428,2026-07-24,21,被点名/被回复,28,2,34,True,True,True,False,True,True,False,True,False,28
1008,21,1784901523,1784901525,2026-07-24,21,自主定向回复,0,2,34,True,True,True,False,False,True,False,True,False,36
1009,21,1784901566,1784901575,2026-07-24,21,自主定向回复,4,2,5,True,True,True,False,False,True,False,True,False,8
1010,21,1784901599,1784901599,2026-07-24,21,自主定向回复,16,1,31,True,False,True,False,False,True,False,True,False,1
1011,21,1784901602,1784901604,2026-07-24,22,自主定向回复,2,2,19,True,True,True,False,False,True,False,True,False,0
1012,21,1784901620,1784901637,2026-07-24,22,自主定向回复,1,4,57,True,True,True,False,False,True,False,True,True,7
1013,21,1784901655,1784901655,2026-07-24,22,被点名/被回复,11,1,24,True,False,True,False,True,True,False,True,True,11
1014,21,1784901679,1784901679,2026-07-24,22,被点名/被回复,0,1,28,True,False,True,False,True,True,False,True,False,1
1015,21,1784901693,1784901694,2026-07-24,22,自主定向回复,13,2,70,True,True,True,False,False,True,False,True,True,14
1016,21,1784901709,1784901709,2026-07-24,22,被点名/被回复,1,1,4,True,False,True,False,True,True,False,True,True,16
1017,21,1784901739,1784901739,2026-07-24,22,被点名/被回复,10,1,18,True,False,True,False,True,True,False,True,False,1
1018,21,1784901741,1784901741,2026-07-24,22,自主定向回复,1,1,21,True,False,True,False,False,True,False,True,True,3
1019,21,1784901778,1784901780,2026-07-24,22,被点名/被回复,4,2,41,True,False,True,False,True,True,False,True,False,3
1020,21,1784901808,1784901808,2026-07-24,22,连续对话,4,1,0,False,True,False,False,False,False,False,True,False,9
1021,21,1784901828,1784901828,2026-07-24,22,连续对话,3,1,0,False,True,False,False,False,False,False,True,False,12
1022,21,1784901844,1784901844,2026-07-24,22,自主定向回复,3,1,4,True,True,True,False,False,True,False,True,False,17
1023,21,1784901875,1784901877,2026-07-24,22,连续对话,14,2,0,False,True,False,False,False,False,False,True,True,12
1024,21,1784901910,1784901910,2026-07-24,22,被点名/被回复,1,1,8,True,False,True,False,True,True,False,True,False,11
1025,21,1784901938,1784901938,2026-07-24,22,连续对话,0,1,0,False,False,False,True,False,False,False,True,True,3
1026,21,1784901944,1784901946,2026-07-24,22,被点名/被回复,2,2,55,True,False,True,False,True,True,False,True,True,7
1027,21,1784902146,1784902146,2026-07-24,22,被点名/被回复,6,1,25,True,True,True,False,True,True,False,True,False,1
1028,21,1784902150,1784902150,2026-07-24,22,连续对话,3,1,31,True,True,False,False,False,False,False,True,False,4
1029,21,1784902169,1784902170,2026-07-24,22,自主定向回复,2,2,32,True,True,True,False,False,True,False,True,True,1
1030,21,1784902195,1784902195,2026-07-24,22,被点名/被回复,3,1,13,True,False,True,False,True,True,True,True,False,2
1031,21,1784902238,1784902238,2026-07-24,22,自主定向回复,2,1,150,True,False,True,False,False,True,False,True,False,1
1032,21,1784902272,1784902272,2026-07-24,22,自主定向回复,2,1,50,True,True,True,False,False,True,False,True,False,17
1033,21,1784902346,1784902346,2026-07-24,22,自主定向回复,4,1,42,True,False,True,False,False,True,False,True,False,10
1034,21,1784902448,1784902448,2026-07-24,22,自主定向回复,6,1,30,True,False,True,False,False,True,False,True,False,30
1035,21,1784902643,1784902643,2026-07-24,22,自主定向回复,14,1,38,True,False,True,False,False,True,False,True,False,26
1036,21,1784903052,1784903052,2026-07-24,22,环境话题加入,0,1,17,True,True,False,False,False,False,False,True,False,5
1037,21,1784903162,1784903162,2026-07-24,22,连续对话,11,1,24,True,True,False,False,False,False,False,True,False,2
1038,21,1784903229,1784903231,2026-07-24,22,连续对话,1,2,0,False,True,False,False,False,False,False,True,False,7
1039,21,1784903562,1784903562,2026-07-24,22,环境话题加入,36,1,47,True,True,False,False,False,False,False,True,False,1
1040,21,1784903652,1784903652,2026-07-24,22,连续对话,5,1,0,False,True,False,False,False,False,False,True,False,16
1041,21,1784903697,1784903697,2026-07-24,22,连续对话,3,1,0,False,True,False,False,False,False,False,True,False,5
1042,21,1784903722,1784903722,2026-07-24,22,连续对话,5,1,0,False,True,False,False,False,False,False,True,False,8
1043,21,1784903760,1784903760,2026-07-24,22,连续对话,2,1,51,True,True,False,False,False,False,False,True,False,10
1044,21,1784903916,1784903916,2026-07-24,22,连续对话,1,1,0,False,True,False,False,False,False,False,True,False,15
1045,21,1784903943,1784903943,2026-07-24,22,连续对话,2,1,20,True,True,False,False,False,False,False,True,False,3
1046,21,1784904062,1784904062,2026-07-24,22,连续对话,1,1,0,False,True,False,False,False,False,False,True,False,7
1047,21,1784904167,1784904167,2026-07-24,22,连续对话,4,1,25,True,True,False,False,False,False,False,True,True,14
1048,21,1784904406,1784904406,2026-07-24,22,被点名/被回复,4,1,0,False,True,False,False,True,False,False,True,False,29
1049,21,1784904795,1784904795,2026-07-24,22,环境话题加入,5,1,0,False,True,False,False,False,False,False,True,False,20
1050,21,1784904831,1784904831,2026-07-24,22,连续对话,2,1,0,False,True,False,False,False,False,False,True,False,3
1051,21,1784904938,1784904938,2026-07-24,22,连续对话,1,1,0,False,True,False,False,False,False,False,True,False,1
1052,21,1784904960,1784904967,2026-07-24,22,连续对话,10,2,42,True,False,False,True,False,False,False,True,False,4
1053,21,1784904973,1784904978,2026-07-24,22,连续对话,2,2,62,True,False,False,False,False,False,False,True,True,1
1054,21,1784905021,1784905021,2026-07-24,22,被点名/被回复,2,1,14,True,False,False,False,True,False,False,True,False,2
1055,21,1784905051,1784905059,2026-07-24,22,连续对话,0,2,12,True,True,False,True,False,False,False,True,False,8
1056,21,1784905077,1784905077,2026-07-24,22,连续对话,1,1,0,False,True,False,False,False,False,False,True,False,2
1057,21,1784905086,1784905088,2026-07-24,22,连续对话,4,2,12,True,True,False,True,False,False,False,True,False,2
1058,21,1784905091,1784905091,2026-07-24,22,连续对话,1,1,0,False,True,False,False,False,False,False,True,False,0
1059,21,1784905188,1784905188,2026-07-24,22,连续对话,9,1,22,True,True,False,False,False,False,False,True,False,0
1060,21,1784905532,1784905532,2026-07-24,23,环境话题加入,2,1,33,True,True,False,False,False,False,False,True,False,5
1061,21,1784905698,1784905698,2026-07-24,23,连续对话,3,1,0,False,True,False,False,False,False,False,True,False,4
1062,21,1784905709,1784905709,2026-07-24,23,连续对话,4,1,0,False,True,False,False,False,False,False,True,False,2
1063,21,1784905762,1784905762,2026-07-24,23,连续对话,6,1,0,False,True,False,False,False,False,False,True,False,3
1064,21,1784906199,1784906199,2026-07-24,23,环境话题加入,4,1,0,False,True,False,False,False,False,False,True,False,10
1065,21,1784906577,1784906578,2026-07-24,23,环境话题加入,3,2,0,False,True,False,False,False,False,False,True,True,12
1066,21,1784907140,1784907140,2026-07-24,23,环境话题加入,4,1,0,False,True,False,False,False,False,False,True,False,28
1067,21,1784907172,1784907172,2026-07-24,23,连续对话,4,1,22,True,True,False,False,False,False,False,True,False,21
1068,21,1784907321,1784907321,2026-07-24,23,连续对话,3,1,0,False,True,False,False,False,False,False,True,False,1
1069,21,1784907471,1784907471,2026-07-24,23,连续对话,11,1,58,True,True,False,False,False,False,False,True,True,4
1070,21,1784907478,1784907478,2026-07-24,23,被点名/被回复,2,1,14,True,False,False,False,True,False,False,True,False,38
1071,21,1784907517,1784907531,2026-07-24,23,连续对话,1,2,41,True,True,False,False,False,False,False,True,True,16
1072,21,1784907559,1784907562,2026-07-24,23,被点名/被回复,4,3,21,True,True,False,False,True,False,False,True,False,0
1073,21,1784907656,1784907656,2026-07-24,23,连续对话,4,1,0,False,True,False,False,False,False,False,True,True,4
1074,21,1784907680,1784907683,2026-07-24,23,被点名/被回复,4,2,0,False,True,False,False,True,False,False,False,False,
1075,21,1784907966,1784907966,2026-07-24,23,环境话题加入,2,1,18,True,False,False,False,False,False,False,True,False,93
1076,21,1784908257,1784908262,2026-07-24,23,环境话题加入,1,2,73,True,True,False,False,False,False,False,True,False,30
1077,21,1784908294,1784908294,2026-07-24,23,连续对话,2,1,60,True,False,False,False,False,False,False,True,False,4
1078,21,1784908299,1784908299,2026-07-24,23,自主定向回复,1,1,3,True,False,True,False,False,True,False,True,True,10
1079,21,1784908401,1784908401,2026-07-24,23,被点名/被回复,1,1,2,True,False,True,False,True,True,False,True,True,17
1080,21,1784908419,1784908419,2026-07-24,23,被点名/被回复,1,1,3,True,False,True,False,True,True,False,True,False,10
1081,21,1784908429,1784908429,2026-07-24,23,连续对话,0,1,57,True,False,False,False,False,False,True,True,False,2
1082,21,1784908432,1784908435,2026-07-24,23,连续对话,1,2,19,True,True,False,False,False,False,True,True,True,4
1083,21,1784908442,1784908442,2026-07-24,23,被点名/被回复,2,1,2,True,False,True,False,True,True,False,True,True,18
1084,21,1784908463,1784908474,2026-07-24,23,被点名/被回复,3,3,27,True,True,False,False,True,False,False,True,False,97
1085,21,1784908818,1784908818,2026-07-25,0,环境话题加入,10,1,28,True,True,False,False,False,False,False,True,False,0
1086,21,1784908908,1784908908,2026-07-25,0,连续对话,5,1,0,False,True,False,False,False,False,False,True,True,10
1087,21,1784908925,1784908925,2026-07-25,0,被点名/被回复,4,1,0,False,True,False,False,True,False,False,True,False,3
1088,21,1784909018,1784909018,2026-07-25,0,连续对话,1,1,0,False,True,False,False,False,False,False,True,False,0
1089,21,1784909023,1784909023,2026-07-25,0,连续对话,5,1,85,True,True,False,False,False,False,False,True,False,3
1090,21,1784909357,1784909357,2026-07-25,0,环境话题加入,4,1,0,False,True,False,False,False,False,False,True,False,2
1091,21,1784909487,1784909487,2026-07-25,0,连续对话,3,1,0,False,True,False,False,False,False,False,True,True,6
1092,21,1784909504,1784909504,2026-07-25,0,被点名/被回复,4,1,0,False,True,False,False,True,False,False,True,False,8
1093,21,1784910125,1784910125,2026-07-25,0,环境话题加入,3,1,0,False,True,False,False,False,False,False,True,False,7
1094,21,1784910133,1784910141,2026-07-25,0,连续对话,1,3,14,True,True,False,True,False,False,False,True,False,3
1095,21,1784910147,1784910155,2026-07-25,0,连续对话,3,2,5,True,True,False,True,False,False,False,True,False,9
1096,21,1784910193,1784910193,2026-07-25,0,连续对话,7,1,0,False,True,False,False,False,False,False,True,False,11
1097,21,1784910217,1784910226,2026-07-25,0,连续对话,9,2,6,True,True,False,True,False,False,False,True,False,17
1098,21,1784910272,1784910280,2026-07-25,0,连续对话,3,3,6,True,True,False,True,False,False,False,True,True,73
1099,21,1784910420,1784910427,2026-07-25,0,被点名/被回复,3,2,6,True,True,False,True,True,False,False,True,False,5
1100,21,1784910435,1784910440,2026-07-25,0,连续对话,3,2,6,True,True,False,True,False,False,False,True,False,73
1101,21,1784910527,1784910527,2026-07-25,0,连续对话,3,1,0,False,True,False,False,False,False,False,True,False,5
1102,21,1784910537,1784910537,2026-07-25,0,连续对话,5,1,5,True,True,False,True,False,False,False,True,False,10
1103,21,1784910674,1784910674,2026-07-25,0,被点名/被回复,2,1,14,True,False,False,False,True,False,False,True,True,3
1104,21,1784910702,1784910702,2026-07-25,0,被点名/被回复,1,1,8,True,False,True,False,True,True,False,True,True,1
1105,21,1784910721,1784910721,2026-07-25,0,被点名/被回复,2,1,11,True,False,False,False,True,False,False,True,False,3
1106,21,1784910736,1784910736,2026-07-25,0,连续对话,4,1,0,False,True,False,False,False,False,False,True,False,4
1107,21,1784911378,1784911378,2026-07-25,0,环境话题加入,0,1,0,False,True,False,False,False,False,False,True,False,1
1108,21,1784911382,1784911382,2026-07-25,0,连续对话,1,1,0,False,True,False,False,False,False,False,True,False,1
1109,21,1784911435,1784911437,2026-07-25,0,自主定向回复,1,2,5,True,True,True,True,False,True,False,True,False,6
1110,21,1784911449,1784911449,2026-07-25,0,连续对话,0,1,0,False,True,False,False,False,False,False,True,False,0
1111,21,1784911454,1784911460,2026-07-25,0,自主定向回复,4,4,4,True,True,True,False,False,True,False,True,False,8
1112,21,1784911471,1784911471,2026-07-25,0,自主定向回复,3,1,5,True,True,True,True,False,True,False,True,False,11
1113,21,1784911488,1784911488,2026-07-25,0,连续对话,2,1,14,True,False,False,False,False,False,False,True,False,0
1114,21,1784911503,1784911504,2026-07-25,0,自主定向回复,2,2,16,True,True,True,True,False,True,False,True,False,7
1115,21,1784911514,1784911514,2026-07-25,0,自主定向回复,3,1,5,True,True,True,True,False,True,False,True,False,0
1116,21,1784911518,1784911520,2026-07-25,0,自主定向回复,0,2,10,True,True,True,True,False,True,False,True,False,0
1117,21,1784911522,1784911524,2026-07-25,0,自主定向回复,2,2,23,True,True,True,True,False,True,False,True,False,5
1118,21,1784911536,1784911536,2026-07-25,0,自主定向回复,2,1,5,True,True,True,True,False,True,False,True,True,4
1119,21,1784911544,1784911544,2026-07-25,0,被点名/被回复,4,1,4,True,True,True,False,True,True,False,True,True,6
1120,21,1784911554,1784911554,2026-07-25,0,被点名/被回复,4,1,5,True,True,True,True,True,True,False,True,True,20
1121,21,1784911583,1784911583,2026-07-25,0,被点名/被回复,2,1,5,True,True,True,True,True,True,False,True,True,6
1122,21,1784911638,1784911638,2026-07-25,0,被点名/被回复,1,1,5,True,True,True,True,True,True,False,True,False,9
1123,21,1784911787,1784911791,2026-07-25,0,连续对话,5,2,0,False,True,False,False,False,False,False,True,False,26
1124,21,1784912016,1784912028,2026-07-25,0,环境话题加入,7,2,0,False,True,False,False,False,False,False,True,False,28
1125,21,1784912061,1784912061,2026-07-25,0,连续对话,1,1,14,True,False,False,False,False,False,False,True,False,41
1126,21,1784912541,1784912543,2026-07-25,1,环境话题加入,1,2,0,False,True,False,False,False,False,False,True,False,7
1127,21,1784912563,1784912563,2026-07-25,1,连续对话,2,1,57,True,False,False,False,False,False,False,True,False,10
1128,21,1784912577,1784912582,2026-07-25,1,连续对话,3,3,0,False,True,False,False,False,False,False,True,False,0
1129,21,1784912585,1784912585,2026-07-25,1,连续对话,3,1,20,True,True,False,True,False,False,False,True,False,8
1130,21,1784912710,1784912713,2026-07-25,1,连续对话,1,2,0,False,True,False,False,False,False,False,True,False,0
1131,21,1784913091,1784913091,2026-07-25,1,环境话题加入,2,1,14,True,False,False,False,False,False,False,True,False,0
1132,21,1784913551,1784913552,2026-07-25,1,环境话题加入,6,2,0,False,True,False,False,False,False,False,True,False,0
1133,21,1784913789,1784913789,2026-07-25,1,环境话题加入,5,1,0,False,True,False,False,False,False,False,True,False,1
1134,21,1784913794,1784913794,2026-07-25,1,连续对话,2,1,0,False,True,False,False,False,False,False,True,False,2
1135,21,1784913892,1784913897,2026-07-25,1,连续对话,1,2,0,False,True,False,False,False,False,False,True,False,7
1136,21,1784914060,1784914063,2026-07-25,1,连续对话,4,2,85,True,True,False,False,False,False,False,True,False,2
1137,21,1784914365,1784914365,2026-07-25,1,环境话题加入,4,1,0,False,True,False,False,False,False,False,True,False,1
1138,21,1784914371,1784914371,2026-07-25,1,连续对话,5,1,0,False,True,False,False,False,False,False,True,True,0
1139,21,1784914378,1784914378,2026-07-25,1,被点名/被回复,6,1,0,False,True,False,False,True,False,False,True,False,4
1140,21,1784914401,1784914406,2026-07-25,1,连续对话,0,4,46,True,True,False,False,False,False,False,True,False,5
1141,21,1784914414,1784914414,2026-07-25,1,连续对话,3,1,0,False,True,False,False,False,False,False,True,False,4
1142,21,1784914422,1784914428,2026-07-25,1,连续对话,3,2,0,False,True,False,False,False,False,False,True,False,1
1143,21,1784914436,1784914436,2026-07-25,1,连续对话,7,1,0,False,True,False,False,False,False,False,True,False,7
1144,21,1784914550,1784914553,2026-07-25,1,连续对话,0,2,0,False,True,False,False,False,False,False,True,False,4
1145,21,1784914579,1784914579,2026-07-25,1,连续对话,5,1,26,True,True,False,False,False,False,False,True,False,0
1146,21,1784914589,1784914589,2026-07-25,1,连续对话,2,1,14,True,False,False,False,False,False,False,True,False,1
1147,21,1784914764,1784914764,2026-07-25,1,连续对话,1,1,51,True,False,False,True,False,False,False,True,False,5
1148,21,1784914772,1784914772,2026-07-25,1,连续对话,3,1,0,False,True,False,False,False,False,False,True,False,0
1149,21,1784914773,1784914773,2026-07-25,1,连续对话,1,1,79,True,False,False,False,False,False,False,True,False,1
1150,21,1784914775,1784914775,2026-07-25,1,连续对话,1,1,0,False,True,False,False,False,False,False,True,False,7
1151,21,1784914783,1784914783,2026-07-25,1,连续对话,1,1,24,True,False,False,True,False,False,False,True,False,4
1152,21,1784914801,1784914801,2026-07-25,1,连续对话,1,1,110,True,True,False,False,False,False,True,True,False,2
1153,21,1784914804,1784914804,2026-07-25,1,连续对话,1,1,26,True,False,False,True,False,False,False,True,False,9
1154,21,1784914819,1784914819,2026-07-25,1,连续对话,1,1,13,True,False,False,True,False,False,False,True,False,1
1155,21,1784914946,1784914946,2026-07-25,1,连续对话,1,1,13,True,False,False,True,False,False,False,True,False,4
1156,21,1784914955,1784914955,2026-07-25,1,连续对话,1,1,106,True,False,False,True,False,False,False,True,False,5
1157,21,1784914969,1784914969,2026-07-25,1,连续对话,2,1,0,False,True,False,False,False,False,False,True,False,2
1158,21,1784914974,1784914989,2026-07-25,1,连续对话,3,3,112,True,True,False,True,False,False,True,True,False,2
1159,21,1784915000,1784915002,2026-07-25,1,连续对话,1,3,0,False,True,False,False,False,False,False,True,False,5
1160,21,1784915011,1784915012,2026-07-25,1,连续对话,2,2,10,True,True,False,False,False,False,False,True,True,16
1161,21,1784915094,1784915097,2026-07-25,1,被点名/被回复,5,2,0,False,True,False,False,True,False,False,True,False,8
1162,21,1784915110,1784915110,2026-07-25,1,连续对话,5,1,42,True,False,False,True,False,False,False,True,False,7
1163,21,1784915119,1784915119,2026-07-25,1,连续对话,2,1,20,True,False,False,True,False,False,False,True,False,9
1164,21,1784915133,1784915133,2026-07-25,1,连续对话,2,1,26,True,False,False,True,False,False,False,True,False,3
1165,21,1784915158,1784915158,2026-07-25,1,连续对话,0,2,48,True,True,False,True,False,False,False,True,False,16
1166,21,1784915174,1784915174,2026-07-25,1,连续对话,0,1,13,True,False,False,True,False,False,False,True,False,8
1167,21,1784915182,1784915182,2026-07-25,1,连续对话,0,1,13,True,False,False,True,False,False,False,True,False,12
1168,21,1784915195,1784915195,2026-07-25,1,连续对话,1,1,26,True,False,False,True,False,False,False,True,False,5
1169,21,1784915228,1784915230,2026-07-25,1,连续对话,0,2,52,True,False,False,True,False,False,False,True,False,4
1170,21,1784915235,1784915235,2026-07-25,1,连续对话,1,2,153,True,True,False,True,False,False,False,True,False,4
1171,21,1784915260,1784915260,2026-07-25,1,连续对话,6,1,0,False,True,False,False,False,False,False,True,False,14
1172,21,1784915281,1784915281,2026-07-25,1,连续对话,3,1,0,False,True,False,False,False,False,False,True,False,0
1173,21,1784915476,1784915476,2026-07-25,1,环境话题加入,2,1,0,False,True,False,False,False,False,False,True,False,5
1174,21,1784915541,1784915541,2026-07-25,1,连续对话,1,1,0,False,True,False,False,False,False,False,True,False,8
1175,21,1784915682,1784915684,2026-07-25,1,连续对话,1,2,0,False,True,False,False,False,False,False,True,False,1
1176,21,1784915719,1784915719,2026-07-25,1,连续对话,0,1,0,False,True,False,False,False,False,False,True,False,4
1177,21,1784915725,1784915725,2026-07-25,1,连续对话,2,1,30,True,True,False,False,False,False,False,True,False,20
1178,21,1784915899,1784915901,2026-07-25,1,连续对话,9,2,0,False,True,False,False,False,False,False,True,True,6
1179,21,1784916124,1784916125,2026-07-25,2,被点名/被回复,2,2,0,False,True,False,False,True,False,False,True,False,22
1180,21,1784916152,1784916152,2026-07-25,2,连续对话,2,1,0,False,True,False,False,False,False,False,True,True,2
1181,21,1784916162,1784916162,2026-07-25,2,被点名/被回复,0,1,0,False,True,False,False,True,False,False,True,False,1
1182,21,1784916165,1784916165,2026-07-25,2,连续对话,2,1,0,False,True,False,False,False,False,False,True,False,0
1183,21,1784916175,1784916175,2026-07-25,2,连续对话,5,1,0,False,True,False,False,False,False,False,True,True,2
1184,21,1784916264,1784916264,2026-07-25,2,被点名/被回复,1,1,57,True,False,False,False,True,False,False,True,False,1
1185,21,1784916661,1784916661,2026-07-25,2,环境话题加入,1,1,0,False,True,False,False,False,False,False,True,False,2
1186,21,1784916714,1784916714,2026-07-25,2,连续对话,2,1,0,False,True,False,False,False,False,False,True,False,1
1187,21,1784916722,1784916722,2026-07-25,2,连续对话,5,1,0,False,True,False,False,False,False,False,True,False,0
1188,21,1784916725,1784916725,2026-07-25,2,连续对话,1,1,30,True,True,False,False,False,False,False,True,False,2
1189,21,1784916786,1784916786,2026-07-25,2,连续对话,7,1,0,False,True,False,False,False,False,False,True,False,4
1190,21,1784916847,1784916847,2026-07-25,2,连续对话,4,1,0,False,True,False,False,False,False,False,True,False,1
1191,21,1784916863,1784916863,2026-07-25,2,连续对话,5,1,0,False,True,False,False,False,False,False,True,False,1
1192,21,1784916892,1784916892,2026-07-25,2,连续对话,0,1,10,True,False,False,True,False,False,False,True,False,4
1193,21,1784916915,1784916915,2026-07-25,2,连续对话,2,1,0,False,True,False,False,False,False,False,True,False,5
1194,21,1784916931,1784916931,2026-07-25,2,连续对话,4,1,10,True,False,False,True,False,False,False,True,False,6
1195,21,1784917109,1784917111,2026-07-25,2,连续对话,1,2,0,False,True,False,False,False,False,False,True,False,1
1196,21,1784917137,1784917137,2026-07-25,2,连续对话,4,1,0,False,True,False,False,False,False,False,True,False,5
1197,21,1784917594,1784917594,2026-07-25,2,环境话题加入,4,1,0,False,True,False,False,False,False,False,True,False,95
1198,21,1784917708,1784917708,2026-07-25,2,连续对话,0,1,19,True,False,False,False,False,False,False,True,False,6
1199,21,1784917721,1784917721,2026-07-25,2,连续对话,7,1,231,True,False,False,False,False,False,False,True,False,7
1200,21,1784917781,1784917781,2026-07-25,2,连续对话,4,1,0,False,True,False,False,False,False,False,True,False,2
1201,21,1784919172,1784919172,2026-07-25,2,环境话题加入,6,1,0,False,True,False,False,False,False,False,True,False,0
1202,21,1784919184,1784919184,2026-07-25,2,连续对话,3,1,0,False,True,False,False,False,False,False,True,False,14
1203,21,1784919201,1784919201,2026-07-25,2,连续对话,2,1,0,False,True,False,False,False,False,False,True,False,4
1204,21,1784920236,1784920236,2026-07-25,3,环境话题加入,2,1,7,True,False,False,False,False,False,False,True,False,23
1205,21,1784920432,1784920432,2026-07-25,3,环境话题加入,4,1,0,False,True,False,False,False,False,False,True,False,4
1206,21,1784920695,1784920695,2026-07-25,3,环境话题加入,3,1,0,False,True,False,False,False,False,False,True,False,2
1207,21,1784920699,1784920699,2026-07-25,3,连续对话,2,1,85,True,True,False,False,False,False,True,True,False,0
1208,21,1784921265,1784921265,2026-07-25,3,环境话题加入,1,1,0,False,True,False,False,False,False,False,True,True,1
1209,21,1784921312,1784921312,2026-07-25,3,被点名/被回复,7,1,0,False,True,False,False,True,False,False,True,False,1
1210,21,1784921420,1784921420,2026-07-25,3,连续对话,5,2,36,True,True,False,False,False,False,False,True,False,1
1211,21,1784921509,1784921520,2026-07-25,3,连续对话,4,2,85,True,True,False,False,False,False,True,True,False,6
1212,21,1784921823,1784921825,2026-07-25,3,环境话题加入,2,2,0,False,True,False,False,False,False,False,True,False,15
1213,21,1784922144,1784922144,2026-07-25,3,环境话题加入,4,1,0,False,True,False,False,False,False,False,True,False,2
1214,21,1784922147,1784922147,2026-07-25,3,连续对话,1,1,0,False,True,False,False,False,False,False,True,False,1
1215,21,1784922283,1784922283,2026-07-25,3,连续对话,24,1,102,True,True,False,False,False,False,True,True,False,30
1216,21,1784922998,1784923003,2026-07-25,3,环境话题加入,5,2,0,False,True,False,False,False,False,False,True,False,6
1217,21,1784923102,1784923104,2026-07-25,3,连续对话,5,2,0,False,True,False,False,False,False,False,True,False,1
1218,21,1784923270,1784923272,2026-07-25,4,连续对话,0,2,0,False,True,False,False,False,False,False,True,False,1
1219,21,1784923476,1784923483,2026-07-25,4,环境话题加入,2,2,0,False,True,False,False,False,False,False,True,False,16
1220,21,1784925550,1784925552,2026-07-25,4,环境话题加入,5,2,0,False,True,False,False,False,False,False,True,False,10
1221,22,1784926934,1784926937,2026-07-25,5,环境话题加入,3,2,85,True,True,False,False,False,False,False,False,False,
1222,29,1784937527,1784937527,2026-07-25,7,被点名/被回复,2,1,32,True,False,False,False,True,False,False,True,False,6
1223,29,1784937541,1784937541,2026-07-25,7,自主定向回复,8,1,18,True,False,True,False,False,True,False,False,False,
1224,29,1784937663,1784937663,2026-07-25,8,延迟上下文,130,1,0,False,True,False,False,False,False,False,False,False,
1225,30,1784938433,1784938449,2026-07-25,8,被点名/被回复,2,4,56,True,True,False,False,True,False,True,True,False,29
1226,30,1784938495,1784938495,2026-07-25,8,连续对话,4,1,0,False,True,False,False,False,False,False,True,True,1
1227,30,1784938497,1784938497,2026-07-25,8,被点名/被回复,1,1,0,False,True,False,False,True,False,False,True,False,8
1228,30,1784938512,1784938513,2026-07-25,8,自主定向回复,7,2,30,True,True,True,False,False,True,False,False,False,
1229,31,1784938927,1784938929,2026-07-25,8,被点名/被回复,9,2,19,True,True,False,False,True,False,False,True,False,2
1230,32,1784939405,1784939405,2026-07-25,8,环境话题加入,19,1,0,False,True,False,False,False,False,False,True,False,80
1231,36,1784942060,1784942060,2026-07-25,9,被点名/被回复,19,1,14,True,True,True,False,True,True,False,True,False,107
1232,36,1784942181,1784942240,2026-07-25,9,自主定向回复,14,5,51,True,True,True,False,False,True,True,True,False,36
1233,36,1784942291,1784942291,2026-07-25,9,连续对话,15,1,30,True,False,False,False,False,False,False,True,False,99
1234,36,1784942405,1784942405,2026-07-25,9,自主定向回复,15,1,17,True,True,True,False,False,True,False,False,False,
1235,37,1784942977,1784943051,2026-07-25,9,环境话题加入,6,4,27,True,True,False,False,False,False,False,True,False,120
1236,38,1784943994,1784943994,2026-07-25,9,自主定向回复,17,1,16,True,False,True,False,False,True,False,True,False,11
1237,39,1784945530,1784945530,2026-07-25,10,环境话题加入,4,1,0,False,True,False,False,False,False,False,True,False,21
1238,39,1784945566,1784945568,2026-07-25,10,自主定向回复,15,2,27,True,True,True,False,False,True,False,True,True,28
1239,39,1784945626,1784945633,2026-07-25,10,被点名/被回复,15,3,16,True,True,True,True,True,True,False,True,True,53
1240,39,1784945700,1784945702,2026-07-25,10,被点名/被回复,14,2,28,True,True,True,False,True,True,False,True,True,21
1241,39,1784945740,1784945740,2026-07-25,10,被点名/被回复,17,1,44,True,True,False,False,True,False,False,True,False,56
1242,39,1784945840,1784945858,2026-07-25,10,自主定向回复,14,3,54,True,True,True,False,False,True,True,True,False,55
1243,39,1784946212,1784946220,2026-07-25,10,环境话题加入,8,3,10,True,True,False,False,False,False,True,True,True,3
1244,39,1784946237,1784946239,2026-07-25,10,被点名/被回复,11,2,9,True,True,True,False,True,True,False,True,True,16
1245,39,1784946301,1784946301,2026-07-25,10,被点名/被回复,11,1,20,True,False,True,False,True,True,False,True,True,72
1246,39,1784946410,1784946410,2026-07-25,10,被点名/被回复,11,1,21,True,True,True,False,True,True,False,True,True,25
1247,39,1784946444,1784946444,2026-07-25,10,被点名/被回复,9,1,18,True,False,True,False,True,True,False,True,True,22
1248,39,1784946517,1784946517,2026-07-25,10,被点名/被回复,11,1,14,True,True,True,False,True,True,False,True,False,29
1249,39,1784946551,1784946551,2026-07-25,10,连续对话,5,1,53,True,True,False,False,False,False,False,False,False,
1250,40,1784947062,1784947062,2026-07-25,10,被点名/被回复,19,1,26,True,True,True,False,True,True,False,True,True,34
1251,40,1784947246,1784947248,2026-07-25,10,被点名/被回复,99,2,70,True,False,True,False,True,True,False,True,True,51
1252,40,1784947318,1784947318,2026-07-25,10,被点名/被回复,13,1,30,True,True,True,False,True,True,False,True,True,60
1253,40,1784947404,1784947404,2026-07-25,10,被点名/被回复,26,1,58,True,True,True,False,True,True,False,True,False,18
1254,40,1784947444,1784947444,2026-07-25,10,自主定向回复,22,1,24,True,True,True,False,False,True,False,True,True,18
1255,40,1784947485,1784947549,2026-07-25,10,被点名/被回复,23,5,75,True,True,True,True,True,True,False,True,False,72
1256,40,1784947718,1784947721,2026-07-25,10,自主定向回复,97,2,22,True,True,True,False,False,True,False,True,False,1
1257,40,1784947971,1784947971,2026-07-25,10,被点名/被回复,61,1,24,True,True,True,False,True,True,False,True,True,80
1258,40,1784948084,1784948084,2026-07-25,10,被点名/被回复,4,1,40,True,True,True,False,True,True,False,True,True,0
1259,40,1784948167,1784948167,2026-07-25,10,被点名/被回复,13,1,21,True,False,True,False,True,True,False,True,True,12
1260,40,1784948229,1784948232,2026-07-25,10,被点名/被回复,14,2,13,True,True,False,False,True,False,False,True,False,33
1261,40,1784948266,1784948266,2026-07-25,10,连续对话,1,1,13,True,False,False,False,False,False,False,True,False,6
1262,40,1784948282,1784948282,2026-07-25,10,连续对话,1,1,24,True,False,False,False,False,False,False,True,False,4
1263,40,1784948290,1784948290,2026-07-25,10,连续对话,4,1,0,False,True,False,False,False,False,False,False,False,
1264,41,1784949732,1784949737,2026-07-25,11,自主定向回复,15,3,26,True,True,True,False,False,True,False,True,False,73
1265,41,1784949822,1784949822,2026-07-25,11,自主定向回复,12,1,21,True,False,True,False,False,True,False,True,False,21
1266,41,1784949855,1784949855,2026-07-25,11,自主定向回复,5,1,29,True,True,True,False,False,True,False,True,False,23
1267,41,1784950261,1784950261,2026-07-25,11,延迟上下文,187,1,0,False,True,False,False,False,False,False,True,False,43
1268,41,1784950317,1784950318,2026-07-25,11,自主定向回复,13,2,20,True,True,True,False,False,True,False,True,False,32
1269,41,1784950397,1784950397,2026-07-25,11,连续对话,2,1,7,True,False,False,False,False,False,False,True,False,4
1270,41,1784950420,1784950427,2026-07-25,11,连续对话,0,2,8,True,True,False,True,False,False,False,True,False,9
1271,42,1784951542,1784951542,2026-07-25,11,被点名/被回复,14,1,12,True,True,True,False,True,True,False,True,True,18
1272,42,1784951568,1784951568,2026-07-25,11,被点名/被回复,8,1,14,True,True,True,False,True,True,False,True,True,51
1273,42,1784951645,1784951645,2026-07-25,11,被点名/被回复,2,1,2,True,False,True,False,True,True,False,True,True,13
1274,42,1784951659,1784951659,2026-07-25,11,被点名/被回复,1,1,3,True,False,True,False,True,True,False,True,True,3
1275,42,1784951926,1784951926,2026-07-25,11,被点名/被回复,8,1,20,True,True,True,False,True,True,False,True,False,1
1276,42,1784951940,1784951941,2026-07-25,11,自主定向回复,13,2,16,True,True,True,False,False,True,False,True,False,4
1277,42,1784951967,1784951967,2026-07-25,11,连续对话,3,1,13,True,True,False,False,False,False,False,True,True,12
1278,42,1784951995,1784951995,2026-07-25,11,被点名/被回复,14,1,12,True,True,True,False,True,True,False,True,False,25
1279,42,1784952043,1784952043,2026-07-25,12,自主定向回复,23,1,13,True,True,True,False,False,True,False,True,False,2
1280,42,1784952046,1784952046,2026-07-25,12,连续对话,1,1,0,False,True,False,False,False,False,False,True,False,19
1281,42,1784952090,1784952090,2026-07-25,12,连续对话,2,1,27,True,False,False,False,False,False,False,True,False,33
1282,42,1784952135,1784952135,2026-07-25,12,连续对话,7,1,0,False,True,False,False,False,False,False,True,False,3
1283,42,1784952138,1784952139,2026-07-25,12,自主定向回复,0,2,18,True,True,True,False,False,True,False,True,True,3
1284,42,1784952188,1784952188,2026-07-25,12,被点名/被回复,1,1,19,True,True,True,False,True,True,False,True,False,2
1285,42,1784952191,1784952192,2026-07-25,12,连续对话,1,2,0,False,True,False,False,False,False,False,True,False,9
1286,42,1784952206,1784952207,2026-07-25,12,连续对话,2,2,0,False,True,False,False,False,False,False,True,False,0
1287,42,1784952222,1784952222,2026-07-25,12,连续对话,6,1,24,True,False,False,False,False,False,False,True,False,10
1288,42,1784952248,1784952248,2026-07-25,12,连续对话,3,1,0,False,True,False,False,False,False,False,True,True,4
1289,42,1784952254,1784952254,2026-07-25,12,被点名/被回复,2,1,19,True,False,True,False,True,True,False,True,False,3
1290,42,1784952261,1784952261,2026-07-25,12,连续对话,4,3,57,True,True,False,False,False,False,True,True,False,3
1291,42,1784952268,1784952268,2026-07-25,12,连续对话,4,1,9,True,True,False,False,False,False,False,True,False,1
1292,42,1784952287,1784952287,2026-07-25,12,连续对话,1,1,0,False,True,False,False,False,False,False,True,True,0
1293,42,1784952365,1784952405,2026-07-25,12,被点名/被回复,5,5,22,True,True,True,False,True,True,True,True,False,5
1294,42,1784952424,1784952424,2026-07-25,12,自主定向回复,6,1,15,True,True,True,False,False,True,False,True,True,32
1295,42,1784952475,1784952477,2026-07-25,12,被点名/被回复,11,2,30,True,True,True,False,True,True,False,True,False,5
1296,42,1784952716,1784952716,2026-07-25,12,环境话题加入,4,1,0,False,True,False,False,False,False,False,True,False,4
1297,42,1784952728,1784952728,2026-07-25,12,连续对话,8,1,6,True,True,False,True,False,False,False,True,False,7
1298,42,1784952740,1784952750,2026-07-25,12,连续对话,3,2,8,True,True,False,True,False,False,False,True,False,24
1299,42,1784952777,1784952777,2026-07-25,12,连续对话,3,1,57,True,False,False,False,False,False,False,True,True,8
1300,42,1784952788,1784952788,2026-07-25,12,被点名/被回复,0,1,57,True,False,False,False,True,False,False,True,False,13
1301,42,1784952817,1784952856,2026-07-25,12,连续对话,1,3,18,True,True,False,True,False,False,False,True,False,5
1302,42,1784953066,1784953066,2026-07-25,12,环境话题加入,10,1,0,False,True,False,False,False,False,False,True,False,8
1303,42,1784953135,1784953151,2026-07-25,12,连续对话,14,2,8,True,True,False,True,False,False,False,True,False,9
1304,42,1784953302,1784953302,2026-07-25,12,被点名/被回复,1,1,57,True,False,False,False,True,False,False,True,True,10
1305,42,1784953381,1784953392,2026-07-25,12,被点名/被回复,0,2,36,True,True,False,True,True,False,False,True,False,9
1306,42,1784953483,1784953483,2026-07-25,12,连续对话,0,1,0,False,True,False,False,False,False,False,True,False,13
1307,42,1784953497,1784953507,2026-07-25,12,自主定向回复,1,3,18,True,True,True,False,False,True,False,True,False,4
1308,42,1784953511,1784953524,2026-07-25,12,连续对话,0,2,24,True,True,False,False,False,False,False,True,True,3
1309,42,1784953568,1784953568,2026-07-25,12,被点名/被回复,2,1,35,True,True,True,False,True,True,False,True,False,0
1310,42,1784953639,1784953639,2026-07-25,12,连续对话,3,1,1,True,False,False,False,False,False,False,True,False,6
1311,42,1784953874,1784953885,2026-07-25,12,自主定向回复,3,3,60,True,True,True,True,False,True,False,True,False,1
1312,42,1784953896,1784953906,2026-07-25,12,连续对话,10,2,6,True,True,False,True,False,False,False,True,False,12
1313,42,1784953922,1784953932,2026-07-25,12,连续对话,4,2,4,True,True,False,True,False,False,False,True,True,17
1314,42,1784953989,1784953997,2026-07-25,12,被点名/被回复,5,3,29,True,True,False,True,True,False,False,True,True,4
1315,42,1784954003,1784954013,2026-07-25,12,被点名/被回复,2,2,36,True,True,False,True,True,False,False,True,False,10
1316,42,1784954027,1784954033,2026-07-25,12,连续对话,4,2,15,True,True,False,True,False,False,False,True,True,3
1317,42,1784954038,1784954040,2026-07-25,12,被点名/被回复,2,2,14,True,True,False,False,True,False,False,True,False,6
1318,42,1784954052,1784954052,2026-07-25,12,连续对话,6,1,15,True,True,False,True,False,False,False,True,True,2
1319,42,1784954073,1784954077,2026-07-25,12,被点名/被回复,5,2,20,True,True,True,False,True,True,False,True,False,10
1320,42,1784954088,1784954102,2026-07-25,12,连续对话,1,3,15,True,True,False,True,False,False,False,True,True,1
1321,42,1784954134,1784954134,2026-07-25,12,被点名/被回复,3,1,29,True,True,True,False,True,True,False,True,False,33
1322,42,1784954171,1784954173,2026-07-25,12,连续对话,3,2,0,False,True,False,False,False,False,False,True,False,34
1323,42,1784954210,1784954221,2026-07-25,12,连续对话,3,2,36,True,True,False,True,False,False,False,True,False,4
1324,42,1784954303,1784954303,2026-07-25,12,连续对话,19,1,0,False,True,False,False,False,False,False,True,False,12
1325,42,1784954318,1784954318,2026-07-25,12,连续对话,3,1,5,True,True,False,True,False,False,False,True,False,14
1326,42,1784954406,1784954408,2026-07-25,12,自主定向回复,7,2,42,True,True,True,False,False,True,False,True,False,20
1327,42,1784954463,1784954463,2026-07-25,12,连续对话,4,1,0,False,True,False,False,False,False,False,True,False,26
1328,42,1784954606,1784954611,2026-07-25,12,连续对话,1,2,0,False,True,False,False,False,False,False,True,False,2
1329,42,1784954853,1784954853,2026-07-25,12,环境话题加入,3,1,0,False,True,False,False,False,False,False,True,False,0
1330,42,1784954859,1784954859,2026-07-25,12,连续对话,3,1,4,True,True,False,True,False,False,False,True,False,4
1331,42,1784954941,1784954945,2026-07-25,12,自主定向回复,4,3,18,True,True,True,True,False,True,False,True,False,1
1332,42,1784954983,1784954983,2026-07-25,12,连续对话,3,1,0,False,True,False,False,False,False,False,True,False,1
1333,42,1784955038,1784955039,2026-07-25,12,连续对话,2,2,0,False,True,False,False,False,False,False,True,False,4
1334,42,1784955105,1784955105,2026-07-25,12,连续对话,5,1,0,False,True,False,False,False,False,False,True,False,24
1335,42,1784955147,1784955147,2026-07-25,12,连续对话,0,1,0,False,True,False,False,False,False,False,True,False,3
1336,42,1784955268,1784955270,2026-07-25,12,连续对话,6,2,0,False,True,False,False,False,False,False,True,False,2
1337,42,1784955470,1784955470,2026-07-25,12,环境话题加入,0,1,32,True,False,False,False,False,False,False,True,False,1
1338,42,1784955472,1784955472,2026-07-25,12,连续对话,1,1,0,False,True,False,False,False,False,False,True,False,1
1339,42,1784955485,1784955488,2026-07-25,12,连续对话,12,2,31,True,True,False,False,False,False,True,True,True,4
1340,42,1784955506,1784955506,2026-07-25,12,被点名/被回复,2,1,28,True,True,True,False,True,True,False,True,True,2
1341,42,1784955576,1784955576,2026-07-25,12,被点名/被回复,12,1,45,True,False,True,False,True,True,False,True,False,3
1342,42,1784955606,1784955606,2026-07-25,13,连续对话,2,1,0,False,True,False,False,False,False,False,True,True,2
1343,42,1784955647,1784955647,2026-07-25,13,被点名/被回复,0,1,31,True,False,True,False,True,True,False,True,False,12
1344,42,1784955670,1784955670,2026-07-25,13,连续对话,1,1,0,False,True,False,False,False,False,False,True,True,0
1345,42,1784955681,1784955681,2026-07-25,13,被点名/被回复,2,1,23,True,True,False,True,True,False,False,True,False,3
1346,42,1784955704,1784955708,2026-07-25,13,自主定向回复,6,2,44,True,True,True,False,False,True,False,True,False,15
1347,42,1784955893,1784955893,2026-07-25,13,环境话题加入,2,1,0,False,True,False,False,False,False,False,True,False,0
1348,42,1784955899,1784955899,2026-07-25,13,连续对话,6,1,0,False,True,False,False,False,False,False,True,False,19
1349,42,1784955976,1784955976,2026-07-25,13,连续对话,18,1,47,True,False,False,False,False,False,False,True,False,8
1350,42,1784956050,1784956055,2026-07-25,13,连续对话,5,2,0,False,True,False,False,False,False,False,True,False,2
1351,42,1784956293,1784956293,2026-07-25,13,环境话题加入,25,1,55,True,True,False,False,False,False,False,True,False,42
1352,42,1784956398,1784956398,2026-07-25,13,自主定向回复,7,1,55,True,False,True,False,False,True,False,True,False,7
1353,42,1784956872,1784956872,2026-07-25,13,环境话题加入,0,1,0,False,True,False,False,False,False,False,True,False,21
1354,42,1784956936,1784956936,2026-07-25,13,连续对话,5,1,32,True,True,False,False,False,False,False,True,False,6
1355,42,1784957010,1784957010,2026-07-25,13,连续对话,1,1,33,True,False,False,False,False,False,False,True,False,3
1356,42,1784957014,1784957014,2026-07-25,13,连续对话,1,1,33,True,False,False,False,False,False,False,True,False,1
1357,42,1784957042,1784957042,2026-07-25,13,连续对话,2,1,0,False,True,False,False,False,False,False,True,False,3
1358,42,1784957180,1784957180,2026-07-25,13,连续对话,6,1,0,False,True,False,False,False,False,False,True,False,1
1359,42,1784957188,1784957188,2026-07-25,13,连续对话,5,1,0,False,True,False,False,False,False,False,True,False,13
1360,42,1784957617,1784957617,2026-07-25,13,环境话题加入,3,1,0,False,True,False,False,False,False,False,True,False,5
1361,42,1784957901,1784957903,2026-07-25,13,被点名/被回复,1,2,28,True,True,True,False,True,True,False,True,True,8
1362,42,1784957925,1784957925,2026-07-25,13,被点名/被回复,3,1,24,True,True,True,False,True,True,False,True,False,32
1363,42,1784957961,1784957963,2026-07-25,13,连续对话,4,2,0,False,True,False,False,False,False,False,True,False,26
1364,42,1784958003,1784958005,2026-07-25,13,自主定向回复,11,2,35,True,True,True,False,False,True,False,True,False,2
1365,42,1784958245,1784958246,2026-07-25,13,环境话题加入,1,2,10,True,True,False,False,False,False,False,True,False,8
1366,42,1784958273,1784958273,2026-07-25,13,自主定向回复,2,1,59,True,False,True,False,False,True,False,True,False,7
1367,42,1784958325,1784958325,2026-07-25,13,连续对话,2,1,0,False,True,False,False,False,False,False,True,False,2
1368,42,1784958355,1784958358,2026-07-25,13,连续对话,1,2,85,True,True,False,False,False,False,False,True,False,3
1369,42,1784958366,1784958367,2026-07-25,13,连续对话,1,2,36,True,True,False,False,False,False,False,True,False,13
1370,42,1784958437,1784958437,2026-07-25,13,连续对话,4,1,0,False,True,False,False,False,False,False,True,False,0
1371,42,1784958442,1784958442,2026-07-25,13,连续对话,4,1,0,False,True,False,False,False,False,False,True,False,7
1372,42,1784958482,1784958482,2026-07-25,13,连续对话,3,1,28,True,True,False,False,False,False,False,True,False,2
1373,42,1784958545,1784958547,2026-07-25,13,连续对话,5,2,0,False,True,False,False,False,False,False,True,False,3
1374,42,1784958762,1784958764,2026-07-25,13,环境话题加入,5,2,0,False,True,False,False,False,False,False,True,False,1
1375,42,1784958963,1784958966,2026-07-25,13,环境话题加入,5,2,0,False,True,False,False,False,False,False,True,False,4
1376,42,1784959478,1784959478,2026-07-25,14,环境话题加入,1,1,7,True,False,False,False,False,False,False,True,False,15
1377,42,1784959527,1784959527,2026-07-25,14,连续对话,8,1,12,True,False,False,False,False,False,False,True,False,4
1378,42,1784959606,1784959608,2026-07-25,14,连续对话,45,2,35,True,True,False,False,False,False,True,True,False,14
1379,42,1784959638,1784959638,2026-07-25,14,连续对话,3,1,0,False,True,False,False,False,False,False,True,False,12
1380,42,1784959976,1784959978,2026-07-25,14,环境话题加入,7,2,21,True,False,False,False,False,False,False,True,True,8
1381,42,1784959998,1784959998,2026-07-25,14,被点名/被回复,2,1,24,True,False,False,False,True,False,False,True,True,4
1382,42,1784960135,1784960137,2026-07-25,14,被点名/被回复,1,2,0,False,True,False,False,True,False,False,True,False,9
1383,42,1784960254,1784960254,2026-07-25,14,连续对话,2,1,0,False,True,False,False,False,False,False,True,True,15
1384,42,1784960304,1784960304,2026-07-25,14,被点名/被回复,3,1,0,False,True,False,False,True,False,False,True,False,2
1385,42,1784960314,1784960314,2026-07-25,14,连续对话,5,1,10,True,True,False,True,False,False,False,True,True,5
1386,42,1784960330,1784960337,2026-07-25,14,被点名/被回复,2,2,10,True,True,False,True,True,False,False,True,False,8
1387,42,1784960348,1784960357,2026-07-25,14,连续对话,3,2,10,True,True,False,True,False,False,False,True,False,6
1388,42,1784960377,1784960377,2026-07-25,14,自主定向回复,7,1,17,True,True,True,False,False,True,False,True,False,1
1389,42,1784960380,1784960380,2026-07-25,14,连续对话,2,1,3,True,False,False,True,False,False,False,True,False,2
1390,42,1784960386,1784960393,2026-07-25,14,连续对话,4,4,5,True,True,False,True,False,False,False,True,True,15
1391,42,1784960410,1784960410,2026-07-25,14,被点名/被回复,2,1,59,True,False,False,False,True,False,False,True,True,8
1392,42,1784960420,1784960422,2026-07-25,14,被点名/被回复,1,2,112,True,False,False,False,True,False,False,True,False,1
1393,42,1784960443,1784960444,2026-07-25,14,自主定向回复,5,2,53,True,True,True,False,False,True,True,True,True,10
1394,42,1784960577,1784960577,2026-07-25,14,被点名/被回复,0,1,15,True,True,True,False,True,True,False,True,False,2
1395,42,1784960614,1784960614,2026-07-25,14,连续对话,10,1,28,True,True,False,False,False,False,False,True,False,6
1396,42,1784960898,1784960898,2026-07-25,14,环境话题加入,12,1,32,True,True,False,False,False,False,False,True,False,0
1397,42,1784961072,1784961072,2026-07-25,14,连续对话,11,1,14,True,False,False,False,False,False,False,True,False,11
1398,42,1784961324,1784961352,2026-07-25,14,环境话题加入,8,2,0,False,True,False,False,False,False,False,True,False,12
1399,42,1784961397,1784961397,2026-07-25,14,连续对话,1,1,50,True,False,False,True,False,False,False,True,False,6
1400,42,1784961404,1784961404,2026-07-25,14,连续对话,1,1,88,True,False,False,True,False,False,False,True,False,1
1401,42,1784961430,1784961449,2026-07-25,14,连续对话,4,4,256,True,True,False,True,False,False,True,True,True,34
1402,42,1784961673,1784961673,2026-07-25,14,被点名/被回复,0,1,8,True,False,False,True,True,False,False,True,False,13
1403,42,1784961696,1784961696,2026-07-25,14,连续对话,10,1,30,True,True,False,False,False,False,False,True,False,16
1404,42,1784961886,1784961886,2026-07-25,14,环境话题加入,3,1,15,True,False,False,False,False,False,False,True,True,6
1405,42,1784961980,1784961980,2026-07-25,14,被点名/被回复,11,1,23,True,True,False,False,True,False,False,True,False,25
1406,42,1784962287,1784962287,2026-07-25,14,环境话题加入,75,1,16,True,False,False,False,False,False,False,True,False,56
1407,42,1784962857,1784962859,2026-07-25,15,环境话题加入,5,2,0,False,True,False,False,False,False,False,True,False,2
1408,42,1784963071,1784963075,2026-07-25,15,环境话题加入,1,2,85,True,True,False,False,False,False,False,True,False,3
1409,42,1784963140,1784963140,2026-07-25,15,连续对话,5,1,0,False,True,False,False,False,False,False,True,False,7
1410,42,1784963152,1784963152,2026-07-25,15,连续对话,2,1,0,False,True,False,False,False,False,False,True,False,2
1411,42,1784964101,1784964101,2026-07-25,15,环境话题加入,2,1,51,True,False,False,False,False,False,False,True,False,21
1412,42,1784964251,1784964251,2026-07-25,15,连续对话,1,1,59,True,False,False,False,False,False,False,True,False,21
1413,42,1784964335,1784964335,2026-07-25,15,连续对话,2,1,56,True,False,False,False,False,False,False,True,False,2
1414,42,1784964491,1784964491,2026-07-25,15,连续对话,2,1,28,True,False,False,True,False,False,False,True,False,0
1415,42,1784964635,1784964640,2026-07-25,15,连续对话,14,3,29,True,True,False,False,False,False,False,True,False,52
1416,42,1784964705,1784964705,2026-07-25,15,连续对话,13,1,18,True,True,False,False,False,False,False,True,False,29
1417,42,1784965129,1784965134,2026-07-25,15,被点名/被回复,4,2,39,True,True,False,True,True,False,False,True,True,8
1418,43,1784965673,1784965673,2026-07-25,15,自主定向回复,1,1,5,True,False,True,False,False,True,False,True,False,10
1419,43,1784965813,1784965816,2026-07-25,15,连续对话,2,2,104,True,False,False,True,False,False,False,True,False,2
1420,43,1784965895,1784965895,2026-07-25,15,连续对话,2,1,6,True,False,False,False,False,False,False,True,False,7
1421,43,1784966018,1784966018,2026-07-25,15,连续对话,22,1,30,True,False,False,False,False,False,False,True,True,8
1422,43,1784966089,1784966090,2026-07-25,15,被点名/被回复,0,2,0,False,True,False,False,True,False,False,True,True,3
1423,43,1784966096,1784966096,2026-07-25,15,被点名/被回复,1,1,13,True,False,True,False,True,True,True,True,False,7
1424,43,1784966233,1784966233,2026-07-25,15,自主定向回复,3,1,140,True,False,True,False,False,True,True,True,True,2
1425,43,1784966414,1784966415,2026-07-25,16,被点名/被回复,27,2,80,True,False,True,False,True,True,False,True,True,33
1426,43,1784966484,1784966484,2026-07-25,16,被点名/被回复,12,1,21,True,False,True,False,True,True,False,True,False,17
1427,43,1784966519,1784966519,2026-07-25,16,自主定向回复,12,1,22,True,True,True,False,False,True,False,True,False,10
1428,43,1784966647,1784966647,2026-07-25,16,连续对话,14,1,31,True,False,False,False,False,False,False,True,True,70
1429,43,1784966755,1784966763,2026-07-25,16,被点名/被回复,1,2,15,True,True,False,True,True,False,False,False,False,
1430,43,1784967013,1784967014,2026-07-25,16,环境话题加入,19,2,24,True,True,False,False,False,False,False,True,False,41
1431,43,1784967060,1784967060,2026-07-25,16,连续对话,5,1,0,False,True,False,False,False,False,False,True,False,2
1432,43,1784967070,1784967070,2026-07-25,16,连续对话,8,1,0,False,True,False,False,False,False,False,True,False,4
1433,43,1784967074,1784967074,2026-07-25,16,连续对话,0,1,31,True,True,False,False,False,False,False,True,True,10
1434,43,1784967115,1784967117,2026-07-25,16,被点名/被回复,26,2,38,True,True,True,False,True,True,False,True,True,25
1435,43,1784967159,1784967159,2026-07-25,16,被点名/被回复,17,1,15,True,True,True,False,True,True,False,True,True,20
1436,43,1784967193,1784967193,2026-07-25,16,被点名/被回复,1,1,26,True,True,True,False,True,True,False,True,False,3
1437,43,1784967208,1784967209,2026-07-25,16,连续对话,12,2,13,True,True,False,False,False,False,False,True,True,7
1438,43,1784967235,1784967235,2026-07-25,16,被点名/被回复,19,1,19,True,True,True,False,True,True,False,True,False,22
1439,43,1784967263,1784967263,2026-07-25,16,连续对话,6,1,0,False,True,False,False,False,False,False,True,False,1
1440,43,1784967265,1784967265,2026-07-25,16,连续对话,1,1,51,True,False,False,True,False,False,False,True,False,2
1441,43,1784967282,1784967293,2026-07-25,16,连续对话,15,3,82,True,True,False,True,False,False,True,True,True,33
1442,43,1784967351,1784967351,2026-07-25,16,被点名/被回复,25,1,14,True,False,True,False,True,True,False,True,False,17
1443,43,1784967552,1784967552,2026-07-25,16,被点名/被回复,73,1,11,True,False,False,True,True,False,False,True,False,1
1444,43,1784967563,1784967574,2026-07-25,16,连续对话,10,4,39,True,True,False,True,False,False,False,True,False,22
1445,43,1784967798,1784967800,2026-07-25,16,环境话题加入,84,2,30,True,True,False,False,False,False,False,False,False,
1446,43,1784967976,1784968020,2026-07-25,16,延迟上下文,262,3,45,True,True,False,False,False,False,True,True,True,90
1447,43,1784968128,1784968128,2026-07-25,16,被点名/被回复,1,1,0,False,True,False,False,True,False,False,True,False,4
1448,43,1784968136,1784968136,2026-07-25,16,连续对话,4,1,0,False,True,False,False,False,False,False,True,False,9
1449,43,1784968403,1784968403,2026-07-25,16,环境话题加入,17,1,11,True,False,False,False,False,False,False,True,False,1
1450,43,1784968404,1784968409,2026-07-25,16,连续对话,0,2,3,True,True,False,True,False,False,False,True,False,7
1451,43,1784968426,1784968426,2026-07-25,16,连续对话,7,1,11,True,True,False,False,False,False,False,True,False,7
1452,43,1784968680,1784968680,2026-07-25,16,环境话题加入,0,1,0,False,True,False,False,False,False,False,True,False,9
1453,43,1784968786,1784968786,2026-07-25,16,连续对话,5,1,0,False,True,False,False,False,False,False,True,False,2
1454,43,1784968788,1784968788,2026-07-25,16,连续对话,0,1,0,False,True,False,False,False,False,False,True,False,19
1455,43,1784969011,1784969011,2026-07-25,16,环境话题加入,0,1,18,True,False,False,False,False,False,False,True,False,19
1456,43,1784969088,1784969088,2026-07-25,16,连续对话,1,1,18,True,False,False,False,False,False,False,True,False,7
1457,43,1784969146,1784969146,2026-07-25,16,连续对话,4,1,0,False,True,False,False,False,False,False,True,False,1
1458,43,1784969148,1784969148,2026-07-25,16,连续对话,1,1,30,True,True,False,False,False,False,False,True,False,4
1459,43,1784969236,1784969236,2026-07-25,16,连续对话,84,1,6,True,True,False,False,False,False,False,True,False,23
1460,43,1784969265,1784969265,2026-07-25,16,连续对话,6,1,0,False,True,False,False,False,False,False,True,False,14
1461,43,1784969283,1784969283,2026-07-25,16,连续对话,4,1,0,False,True,False,False,False,False,False,True,False,24
1462,43,1784969324,1784969325,2026-07-25,16,连续对话,0,2,0,False,True,False,False,False,False,False,True,False,8
1463,43,1784969337,1784969337,2026-07-25,16,连续对话,4,1,0,False,True,False,False,False,False,False,True,False,10
1464,43,1784969457,1784969471,2026-07-25,16,连续对话,3,2,23,True,True,False,False,False,False,False,True,True,21
1465,43,1784969527,1784969527,2026-07-25,16,被点名/被回复,2,1,21,True,False,False,False,True,False,False,True,False,2
1466,43,1784969535,1784969535,2026-07-25,16,连续对话,1,1,10,True,True,False,False,False,False,True,True,False,18
1467,43,1784969858,1784969858,2026-07-25,16,环境话题加入,11,1,39,True,False,False,False,False,False,False,True,True,2
1468,43,1784969909,1784969909,2026-07-25,16,被点名/被回复,12,1,59,True,False,True,False,True,True,False,True,False,3
1469,43,1784970346,1784970346,2026-07-25,17,环境话题加入,0,1,0,False,True,False,False,False,False,False,True,False,1
1470,43,1784970349,1784970349,2026-07-25,17,连续对话,2,1,30,True,True,False,False,False,False,False,True,False,15
1471,43,1784970590,1784970590,2026-07-25,17,环境话题加入,1,1,0,False,True,False,False,False,False,False,True,True,6
1472,43,1784970618,1784970618,2026-07-25,17,被点名/被回复,5,1,0,False,True,False,False,True,False,False,True,False,0
1473,43,1784971193,1784971193,2026-07-25,17,环境话题加入,1,1,38,True,False,False,False,False,False,False,True,False,2
1474,43,1784971212,1784971212,2026-07-25,17,连续对话,4,1,3,True,False,False,True,False,False,False,True,False,3
1475,43,1784971652,1784971654,2026-07-25,17,环境话题加入,5,2,26,True,True,False,False,False,False,False,True,False,2
1476,43,1784972063,1784972065,2026-07-25,17,环境话题加入,7,2,21,True,True,False,False,False,False,False,True,False,9
1477,43,1784972096,1784972096,2026-07-25,17,连续对话,13,1,47,True,False,False,False,False,False,False,True,False,10
1478,43,1784972139,1784972141,2026-07-25,17,连续对话,20,2,30,True,True,False,False,False,False,False,True,False,10
1479,43,1784973145,1784973145,2026-07-25,17,环境话题加入,6,1,0,False,True,False,False,False,False,False,True,True,1
1480,43,1784973447,1784973447,2026-07-25,17,被点名/被回复,1,1,7,True,False,False,False,True,False,False,True,False,6
1481,43,1784973509,1784973509,2026-07-25,17,连续对话,19,1,22,True,False,False,False,False,False,False,True,False,46
1482,43,1784973695,1784973695,2026-07-25,18,环境话题加入,5,1,0,False,True,False,False,False,False,False,True,False,32
1483,43,1784973732,1784973744,2026-07-25,18,连续对话,5,4,34,True,True,False,False,False,False,True,True,False,34
1484,43,1784973795,1784973795,2026-07-25,18,连续对话,4,1,0,False,True,False,False,False,False,False,True,False,2
1485,43,1784974192,1784974203,2026-07-25,18,被点名/被回复,6,3,26,True,True,True,False,True,True,False,True,False,14
1486,43,1784974375,1784974375,2026-07-25,18,被点名/被回复,19,1,26,True,True,True,False,True,True,False,True,True,12
1487,43,1784974388,1784974388,2026-07-25,18,被点名/被回复,1,1,2,True,False,True,False,True,True,False,False,False,
1488,43,1784974822,1784974824,2026-07-25,18,被点名/被回复,4,2,25,True,True,True,False,True,True,False,True,True,2
1489,43,1784974902,1784975069,2026-07-25,18,被点名/被回复,20,6,39,True,True,True,False,True,True,False,True,False,20
1490,43,1784975659,1784975659,2026-07-25,18,环境话题加入,3,1,0,False,True,False,False,False,False,False,True,False,8
1491,44,1784977962,1784977962,2026-07-25,19,环境话题加入,7,1,22,True,True,False,False,False,False,False,True,False,17
1492,44,1784977990,1784977990,2026-07-25,19,连续对话,4,1,0,False,True,False,False,False,False,False,True,False,23
1493,44,1784978154,1784978161,2026-07-25,19,连续对话,11,2,18,True,False,False,False,False,False,False,True,False,4
1494,44,1784978485,1784978490,2026-07-25,19,环境话题加入,5,2,0,False,True,False,False,False,False,False,True,False,42
1495,44,1784978592,1784978593,2026-07-25,19,连续对话,32,2,0,False,True,False,False,False,False,False,True,False,7
1496,44,1784978750,1784978758,2026-07-25,19,连续对话,6,2,0,False,True,False,False,False,False,False,True,False,17
1497,44,1784978915,1784978917,2026-07-25,19,连续对话,6,2,0,False,True,False,False,False,False,False,True,False,29
1498,44,1784979010,1784979010,2026-07-25,19,连续对话,2,1,7,True,False,False,False,False,False,False,True,False,27
1499,44,1784979046,1784979046,2026-07-25,19,连续对话,3,1,13,True,True,False,False,False,False,False,True,False,11
1500,44,1784979266,1784979270,2026-07-25,19,自主定向回复,8,3,40,True,True,True,False,False,True,False,True,True,10
1501,44,1784979306,1784979306,2026-07-25,19,被点名/被回复,3,1,9,True,False,True,False,True,True,False,True,True,1
1502,44,1784979309,1784979309,2026-07-25,19,被点名/被回复,2,1,19,True,False,True,False,True,True,False,True,True,4
1503,44,1784979315,1784979315,2026-07-25,19,被点名/被回复,2,1,0,False,True,False,False,True,False,False,True,False,5
1504,44,1784979328,1784979333,2026-07-25,19,自主定向回复,8,3,24,True,True,True,True,False,True,False,True,False,5
1505,44,1784979369,1784979371,2026-07-25,19,连续对话,6,2,0,False,True,False,False,False,False,False,True,False,110
1506,44,1784979489,1784979492,2026-07-25,19,连续对话,8,2,0,False,True,False,False,False,False,False,True,False,36
1507,44,1784979539,1784979539,2026-07-25,19,连续对话,1,1,0,False,True,False,False,False,False,False,True,False,11
1508,44,1784979675,1784979675,2026-07-25,19,连续对话,1,1,25,True,False,False,False,False,False,False,True,False,7
1509,44,1784979868,1784979868,2026-07-25,19,环境话题加入,3,1,32,True,False,False,False,False,False,False,True,False,3
1510,44,1784980136,1784980136,2026-07-25,19,环境话题加入,7,1,0,False,True,False,False,False,False,False,True,False,19
1511,44,1784980162,1784980162,2026-07-25,19,连续对话,2,1,22,True,True,False,False,False,False,False,True,False,14
1512,44,1784980294,1784980294,2026-07-25,19,连续对话,3,1,0,False,True,False,False,False,False,False,True,False,23
1513,44,1784980413,1784980425,2026-07-25,19,连续对话,1,3,14,True,True,False,True,False,False,False,True,False,6
1514,44,1784980434,1784980434,2026-07-25,19,连续对话,3,1,0,False,True,False,False,False,False,False,True,False,25
1515,44,1784980464,1784980464,2026-07-25,19,连续对话,5,1,0,False,True,False,False,False,False,False,True,True,37
1516,44,1784980529,1784980529,2026-07-25,19,被点名/被回复,3,1,0,False,True,False,False,True,False,False,True,True,72
1517,44,1784980606,1784980606,2026-07-25,19,被点名/被回复,3,1,0,False,True,False,False,True,False,False,True,False,1
1518,44,1784980613,1784980613,2026-07-25,19,连续对话,6,1,39,True,True,False,True,False,False,False,True,False,4
1519,44,1784980939,1784980939,2026-07-25,20,环境话题加入,4,1,0,False,True,False,False,False,False,False,True,False,3
1520,44,1784980953,1784980956,2026-07-25,20,连续对话,11,2,0,False,True,False,False,False,False,False,True,False,59
1521,44,1784981018,1784981018,2026-07-25,20,连续对话,3,1,0,False,True,False,False,False,False,False,True,False,70
1522,44,1784981302,1784981302,2026-07-25,20,环境话题加入,9,1,41,True,False,False,False,False,False,False,True,False,13
1523,44,1784981319,1784981319,2026-07-25,20,连续对话,4,1,0,False,True,False,False,False,False,False,True,False,6
1524,44,1784981349,1784981360,2026-07-25,20,自主定向回复,3,2,11,True,True,True,False,False,True,False,True,True,10
1525,44,1784981428,1784981428,2026-07-25,20,被点名/被回复,4,1,0,False,True,False,False,True,False,False,True,False,22
1526,44,1784981454,1784981454,2026-07-25,20,连续对话,4,1,22,True,True,False,False,False,False,False,True,False,4
1527,44,1784981492,1784981500,2026-07-25,20,自主定向回复,5,4,32,True,True,True,False,False,True,False,True,True,22
1528,44,1784981536,1784981539,2026-07-25,20,被点名/被回复,6,2,19,True,True,True,False,True,True,False,True,False,46
1529,44,1784981623,1784981623,2026-07-25,20,连续对话,4,1,0,False,True,False,False,False,False,False,True,True,16
1530,44,1784981663,1784981663,2026-07-25,20,被点名/被回复,5,1,24,True,False,True,False,True,True,False,True,False,28
1531,44,1784981693,1784981693,2026-07-25,20,连续对话,2,1,41,True,False,False,False,False,False,False,True,False,46
1532,44,1784981809,1784981813,2026-07-25,20,连续对话,5,2,0,False,True,False,False,False,False,False,True,False,4
1533,44,1784981820,1784981820,2026-07-25,20,连续对话,1,1,0,False,True,False,False,False,False,False,True,False,1
1534,44,1784982076,1784982113,2026-07-25,20,自主定向回复,3,3,51,True,True,True,False,False,True,True,True,False,1
1535,44,1784982116,1784982121,2026-07-25,20,连续对话,2,3,20,True,True,False,False,False,False,False,True,True,1
1536,44,1784982123,1784982123,2026-07-25,20,被点名/被回复,1,1,2,True,False,True,False,True,True,False,True,True,2
1537,44,1784982359,1784982359,2026-07-25,20,被点名/被回复,9,1,0,False,True,False,False,True,False,False,True,False,6
1538,44,1784982445,1784982446,2026-07-25,20,自主定向回复,6,2,94,True,True,True,False,False,True,False,True,False,2
1539,44,1784982624,1784982624,2026-07-25,20,连续对话,4,1,0,False,True,False,False,False,False,False,True,False,17
1540,44,1784982645,1784982645,2026-07-25,20,连续对话,4,1,0,False,True,False,False,False,False,False,True,False,50
1541,44,1784982825,1784982825,2026-07-25,20,连续对话,1,1,13,True,False,False,False,False,False,False,True,True,35
1542,44,1784983051,1784983051,2026-07-25,20,被点名/被回复,2,1,1,True,False,False,False,True,False,False,True,False,1
1543,44,1784983107,1784983107,2026-07-25,20,连续对话,5,1,53,True,True,False,False,False,False,False,True,False,0
1544,44,1784983177,1784983177,2026-07-25,20,连续对话,9,1,20,True,True,False,False,False,False,False,True,False,2
1545,44,1784983190,1784983190,2026-07-25,20,连续对话,4,1,22,True,True,False,False,False,False,False,True,True,1
1546,44,1784983203,1784983205,2026-07-25,20,被点名/被回复,3,2,27,True,True,True,False,True,True,False,True,True,3
1547,44,1784983327,1784983327,2026-07-25,20,被点名/被回复,23,1,9,True,True,False,False,True,False,False,True,True,11
1548,44,1784983342,1784983355,2026-07-25,20,被点名/被回复,1,2,13,True,True,True,False,True,True,False,True,True,16
1549,44,1784983390,1784983390,2026-07-25,20,被点名/被回复,15,1,33,True,False,True,False,True,True,False,True,False,9
1550,44,1784983761,1784983761,2026-07-25,20,环境话题加入,0,1,5,True,False,False,False,False,False,False,True,True,35
1551,44,1784984083,1784984083,2026-07-25,20,被点名/被回复,4,1,0,False,True,False,False,True,False,False,True,False,34
1552,44,1784984119,1784984119,2026-07-25,20,连续对话,2,1,23,True,False,False,False,False,False,False,True,False,42
1553,44,1784984213,1784984213,2026-07-25,20,连续对话,3,1,0,False,True,False,False,False,False,False,True,False,1
1554,44,1784984227,1784984227,2026-07-25,20,连续对话,3,1,0,False,True,False,False,False,False,False,True,False,1
1555,44,1784984295,1784984295,2026-07-25,20,连续对话,4,1,0,False,True,False,False,False,False,False,True,False,6
1556,44,1784984330,1784984330,2026-07-25,20,连续对话,3,1,0,False,True,False,False,False,False,False,True,False,3
1557,44,1784984500,1784984501,2026-07-25,21,自主定向回复,15,2,43,True,False,True,False,False,True,False,True,False,3
1558,44,1784984508,1784984508,2026-07-25,21,连续对话,4,1,0,False,True,False,False,False,False,False,True,False,3
1559,44,1784984526,1784984526,2026-07-25,21,连续对话,3,1,0,False,True,False,False,False,False,False,True,False,3
1560,44,1784984532,1784984532,2026-07-25,21,连续对话,2,1,0,False,True,False,False,False,False,False,True,False,1
1561,44,1784984544,1784984544,2026-07-25,21,连续对话,2,1,0,False,True,False,False,False,False,False,True,False,4
1562,44,1784984575,1784984575,2026-07-25,21,连续对话,0,1,42,True,False,False,True,False,False,False,True,True,16
1563,44,1784984624,1784984624,2026-07-25,21,被点名/被回复,16,1,32,True,False,True,False,True,True,False,True,False,10
1564,44,1784984676,1784984676,2026-07-25,21,连续对话,3,1,0,False,True,False,False,False,False,False,True,False,4
1565,44,1784984701,1784984701,2026-07-25,21,连续对话,21,1,0,False,True,False,False,False,False,False,True,True,18
1566,44,1784984743,1784984743,2026-07-25,21,被点名/被回复,24,1,29,True,True,False,False,True,False,False,True,False,3
1567,44,1784984806,1784984806,2026-07-25,21,连续对话,11,1,77,True,False,False,False,False,False,False,True,False,17
1568,44,1784984828,1784984828,2026-07-25,21,连续对话,5,1,139,True,False,False,False,False,False,False,True,False,8
1569,44,1784984875,1784984875,2026-07-25,21,连续对话,1,1,0,False,True,False,False,False,False,False,True,False,5
1570,44,1784984882,1784984882,2026-07-25,21,连续对话,2,1,32,True,True,False,True,False,False,False,True,False,1
1571,45,1785117144,1785117144,2026-07-27,9,被点名/被回复,6,1,12,True,False,False,False,True,False,False,True,False,14
1572,45,1785117198,1785117198,2026-07-27,9,连续对话,1,1,18,True,False,False,False,False,False,False,True,False,1
1573,45,1785117202,1785117202,2026-07-27,9,连续对话,3,1,0,False,True,False,False,False,False,False,True,False,9
1574,45,1785117212,1785117212,2026-07-27,9,连续对话,1,1,14,True,False,False,False,False,False,False,True,False,13
1575,45,1785117238,1785117238,2026-07-27,9,自主定向回复,2,1,26,True,False,True,False,False,True,False,True,False,0
1576,45,1785117240,1785117240,2026-07-27,9,连续对话,2,1,0,False,True,False,False,False,False,False,True,False,0
1577,45,1785117255,1785117255,2026-07-27,9,连续对话,15,1,11,True,False,False,False,False,False,False,True,True,9
1578,45,1785117278,1785117278,2026-07-27,9,被点名/被回复,14,1,7,True,False,False,False,True,False,False,True,True,33
1579,45,1785117324,1785117324,2026-07-27,9,被点名/被回复,13,1,13,True,False,False,False,True,False,False,True,True,4
1580,45,1785117395,1785117395,2026-07-27,9,被点名/被回复,13,1,14,True,False,False,False,True,False,False,True,True,8
1581,45,1785117426,1785117426,2026-07-27,9,被点名/被回复,1,1,10,True,False,True,False,True,True,False,True,False,1
1582,45,1785117428,1785117439,2026-07-27,9,自主定向回复,1,3,45,True,True,True,False,False,True,True,True,True,3
1583,45,1785117456,1785117456,2026-07-27,9,被点名/被回复,3,1,9,True,False,True,False,True,True,False,True,False,0
1584,45,1785117533,1785117533,2026-07-27,9,连续对话,1,1,0,False,True,False,False,False,False,False,True,False,2
1585,45,1785117535,1785117537,2026-07-27,9,连续对话,0,2,0,False,True,False,False,False,False,False,True,False,11
1586,45,1785117678,1785117678,2026-07-27,10,连续对话,4,1,0,False,True,False,False,False,False,False,True,False,113
1587,45,1785117827,1785117827,2026-07-27,10,自主定向回复,32,1,22,True,False,True,False,False,True,False,True,False,0
1588,45,1785117828,1785117828,2026-07-27,10,自主定向回复,1,1,13,True,False,True,False,False,True,False,True,False,2
1589,45,1785117862,1785117862,2026-07-27,10,连续对话,18,1,0,False,True,False,False,False,False,False,True,True,33
1590,45,1785117992,1785117993,2026-07-27,10,被点名/被回复,44,2,63,True,False,False,False,True,False,False,True,True,12
1591,45,1785118016,1785118016,2026-07-27,10,被点名/被回复,11,1,11,True,False,True,False,True,True,False,True,True,10
1592,45,1785118078,1785118078,2026-07-27,10,被点名/被回复,5,1,37,True,False,True,False,True,True,False,True,True,37
1593,45,1785118194,1785118200,2026-07-27,10,被点名/被回复,1,3,28,True,True,True,False,True,True,False,True,True,2
1594,45,1785118276,1785118276,2026-07-27,10,被点名/被回复,20,1,14,True,False,True,False,True,True,False,True,True,34
1595,45,1785118320,1785118320,2026-07-27,10,被点名/被回复,10,1,12,True,False,True,False,True,True,False,True,True,31
1596,45,1785118370,1785118370,2026-07-27,10,被点名/被回复,19,1,7,True,False,False,False,True,False,False,True,True,6
1597,45,1785118402,1785118402,2026-07-27,10,被点名/被回复,13,1,11,True,False,True,False,True,True,False,True,True,17
1598,45,1785118432,1785118432,2026-07-27,10,被点名/被回复,2,1,18,True,False,False,False,True,False,False,True,False,6
1599,45,1785118443,1785118443,2026-07-27,10,连续对话,1,1,14,True,False,False,False,False,False,False,True,True,17
1600,45,1785118472,1785118472,2026-07-27,10,被点名/被回复,12,1,4,True,False,True,False,True,True,False,True,False,14
1601,48,1787534307,1787534309,2026-08-24,9,被点名/被回复,9,2,48,True,False,False,False,True,False,False,True,False,103
1602,48,1787534443,1787534444,2026-08-24,9,连续对话,31,2,35,True,True,False,False,False,False,True,True,False,97
1603,48,1787534551,1787534551,2026-08-24,9,连续对话,10,1,25,True,True,False,False,False,False,False,True,False,46
1604,48,1787534610,1787534610,2026-08-24,9,连续对话,13,1,36,True,True,False,False,False,False,False,True,False,16
1605,48,1787534636,1787534636,2026-08-24,9,连续对话,10,1,44,True,True,False,False,False,False,False,True,False,26
1606,48,1787534836,1787534838,2026-08-24,9,环境话题加入,26,2,55,True,True,False,False,False,False,False,True,False,11
1607,48,1787534870,1787534870,2026-08-24,9,连续对话,21,1,27,True,True,False,False,False,False,False,True,False,0
1608,48,1787535002,1787535002,2026-08-24,9,连续对话,1,1,5,True,False,False,False,False,False,False,True,False,49
1609,48,1787536213,1787536213,2026-08-24,9,环境话题加入,2,1,0,False,True,False,False,False,False,False,True,False,8
1610,48,1787536222,1787536222,2026-08-24,9,连续对话,1,1,20,True,False,False,False,False,False,False,True,True,30
1611,48,1787536289,1787536289,2026-08-24,9,被点名/被回复,6,1,69,True,False,False,False,True,False,False,True,False,22
1612,48,1787536332,1787536332,2026-08-24,9,连续对话,1,1,20,True,True,False,False,False,False,False,True,False,48
1613,48,1787536385,1787536385,2026-08-24,9,连续对话,5,1,26,True,True,False,False,False,False,False,True,False,3
1614,48,1787536527,1787536542,2026-08-24,9,连续对话,8,2,106,True,True,False,False,False,False,False,True,False,30
1615,48,1787536575,1787536575,2026-08-24,9,连续对话,3,1,0,False,True,False,False,False,False,False,True,False,1
1616,48,1787536604,1787536604,2026-08-24,9,连续对话,10,1,20,True,True,False,False,False,False,False,True,False,41
1617,48,1787536681,1787536703,2026-08-24,9,连续对话,36,3,74,True,True,False,False,False,False,False,True,True,83
1618,48,1787536796,1787536809,2026-08-24,9,被点名/被回复,0,5,70,True,True,False,True,True,False,False,True,False,20
1619,48,1787536920,1787536921,2026-08-24,10,连续对话,4,2,0,False,True,False,False,False,False,False,True,False,57
1620,48,1787536986,1787536989,2026-08-24,10,连续对话,8,3,30,True,True,False,True,False,False,False,True,False,7
1621,48,1787537235,1787537237,2026-08-24,10,环境话题加入,14,2,39,True,True,False,False,False,False,False,True,True,30
1622,48,1787537277,1787537289,2026-08-24,10,被点名/被回复,6,4,75,True,True,False,False,True,False,False,True,False,7
1623,48,1787537311,1787537311,2026-08-24,10,连续对话,15,1,8,True,True,False,False,False,False,False,True,False,17
1624,49,1787537761,1787537763,2026-08-24,10,被点名/被回复,13,2,59,True,True,False,False,True,False,False,True,True,62
1625,49,1787538075,1787538077,2026-08-24,10,被点名/被回复,11,2,52,True,True,True,False,True,True,False,True,False,18
1626,49,1787538172,1787538174,2026-08-24,10,连续对话,2,2,30,True,True,False,False,False,False,True,True,False,15
1627,49,1787538197,1787538197,2026-08-24,10,连续对话,8,1,7,True,True,False,False,False,False,False,True,False,1
1628,49,1787538219,1787538219,2026-08-24,10,连续对话,21,1,25,True,True,False,False,False,False,False,True,True,21
1629,49,1787538248,1787538258,2026-08-24,10,被点名/被回复,7,2,42,True,True,False,False,True,False,False,True,True,15
1630,49,1787538281,1787538281,2026-08-24,10,被点名/被回复,2,1,25,True,True,True,False,True,True,False,True,False,8
1631,49,1787538296,1787538296,2026-08-24,10,自主定向回复,6,1,27,True,False,True,False,False,True,False,True,True,4
1632,49,1787538313,1787538322,2026-08-24,10,被点名/被回复,9,2,38,True,True,True,False,True,True,False,True,False,3
1633,49,1787538335,1787538336,2026-08-24,10,连续对话,4,2,0,False,True,False,False,False,False,False,True,False,51
1634,49,1787538428,1787538429,2026-08-24,10,自主定向回复,33,2,48,True,True,True,False,False,True,False,True,True,37
1635,49,1787538482,1787538491,2026-08-24,10,被点名/被回复,12,2,47,True,True,False,False,True,False,False,True,True,54
1636,49,1787538553,1787538555,2026-08-24,10,被点名/被回复,8,2,38,True,True,False,False,True,False,False,True,True,12
1637,49,1787538571,1787538571,2026-08-24,10,被点名/被回复,0,1,24,True,False,False,False,True,False,False,True,True,8
1638,49,1787538613,1787538626,2026-08-24,10,被点名/被回复,27,4,64,True,True,True,False,True,True,False,True,True,50
1639,49,1787538694,1787538694,2026-08-24,10,被点名/被回复,9,1,21,True,True,True,False,True,True,False,True,False,13
1640,49,1787538724,1787538724,2026-08-24,10,连续对话,17,1,42,True,True,False,False,False,False,False,True,True,26
1641,49,1787538767,1787538767,2026-08-24,10,被点名/被回复,14,1,27,True,True,True,False,True,True,False,True,True,1
1642,49,1787538776,1787538778,2026-08-24,10,被点名/被回复,8,2,40,True,True,True,False,True,True,False,True,True,32
1643,49,1787538830,1787538830,2026-08-24,10,被点名/被回复,6,1,24,True,True,False,False,True,False,False,True,False,13
1644,49,1787538852,1787538852,2026-08-24,10,自主定向回复,5,1,31,True,True,True,False,False,True,False,True,False,23
1645,49,1787538879,1787538879,2026-08-24,10,连续对话,4,1,0,False,True,False,False,False,False,False,True,False,45
1646,49,1787538978,1787538980,2026-08-24,10,连续对话,3,2,0,False,True,False,False,False,False,False,True,True,9
1647,49,1787539117,1787539120,2026-08-24,10,被点名/被回复,14,3,35,True,True,False,True,True,False,False,False,False,
